policy,step,s,along_err_m,yaw_rad,slew_rad,num_inliers,registered,extra_yaw_rad
forward,0,0.0,0.0,0.0,0.0,0.0,0.0,0.0
forward,1,0.5,0.002530452251427784,0.0,0.0,0.0,0.0,0.0
forward,2,1.0,0.0059749682477422406,0.0,0.0,2171.0,1.0,0.0
forward,3,1.5,0.008585799864891053,0.0,0.0,2320.0,1.0,0.0
forward,4,2.0,0.012102292634091016,0.0,0.0,2074.0,1.0,0.0
forward,5,2.5,0.014119609855377746,0.0,0.0,2494.0,1.0,0.0
forward,6,3.0,0.011397603709215165,0.0,0.0,2477.0,1.0,0.0
forward,7,3.5,0.019548866140423726,0.0,0.0,2098.0,1.0,0.0
forward,8,4.0,0.0005904344990561583,0.0,0.0,1944.0,1.0,0.0
forward,9,4.5,0.0016598774903080482,0.0,0.0,2332.0,1.0,0.0
forward,10,5.0,0.005546518606642792,0.0,0.0,2439.0,1.0,0.0
forward,11,5.5,0.002134286422568188,0.0,0.0,2049.0,1.0,0.0
forward,12,6.0,0.0007598946197990841,0.0,0.0,2101.0,1.0,0.0
forward,13,6.5,0.0043455483381587,0.0,0.0,2311.0,1.0,0.0
forward,14,7.0,0.006080432704733241,0.0,0.0,2381.0,1.0,0.0
forward,15,7.5,0.010713884932902928,0.0,0.0,2517.0,1.0,0.0
forward,16,8.0,0.007903976724096928,0.0,0.0,2221.0,1.0,0.0
forward,17,8.5,0.003294677021365544,0.0,0.0,2446.0,1.0,0.0
forward,18,9.0,0.007527329691431106,0.0,0.0,2151.0,1.0,0.0
forward,19,9.5,0.006751642321864537,0.0,0.0,2277.0,1.0,0.0
forward,20,10.0,0.0001311876118137434,0.0,0.0,2045.0,1.0,0.0
forward,21,10.5,0.00019725171462070534,0.0,0.0,2449.0,1.0,0.0
forward,22,11.0,0.005916621751342888,0.0,0.0,2228.0,1.0,0.0
forward,23,11.5,0.004604548902014116,0.0,0.0,2119.0,1.0,0.0
forward,24,12.0,0.00847883285222828,0.0,0.0,2216.0,1.0,0.0
forward,25,12.5,0.0038318396415917277,0.0,0.0,2294.0,1.0,0.0
forward,26,13.0,0.004612974908235756,0.0,0.0,2108.0,1.0,0.0
forward,27,13.5,0.009449913789136843,0.0,0.0,2519.0,1.0,0.0
forward,28,14.0,0.02221007959898813,0.0,0.0,1960.0,1.0,0.0
forward,29,14.5,0.02990648971490728,0.0,0.0,2042.0,1.0,0.0
forward,30,15.0,0.017455275480383392,0.0,0.0,2208.0,1.0,0.0
forward,31,15.5,0.015537097084363793,0.0,0.0,2308.0,1.0,0.0
forward,32,16.0,0.008009683234490694,0.0,0.0,1951.0,1.0,0.0
forward,33,16.5,6.16105009214607e-05,0.0,0.0,2241.0,1.0,0.0
forward,34,17.0,0.0012831753778996813,0.0,0.0,1954.0,1.0,0.0
forward,35,17.5,0.0037162820176916966,0.0,0.0,2024.0,1.0,0.0
forward,36,18.0,0.0039017227369662066,0.0,0.0,2072.0,1.0,0.0
forward,37,18.5,0.004069191720024179,0.0,0.0,2219.0,1.0,0.0
forward,38,19.0,0.00420793733227498,0.0,0.0,2145.0,1.0,0.0
forward,39,19.5,0.013223049692197009,0.0,0.0,2400.0,1.0,0.0
forward,40,20.0,0.008115973542654586,0.0,0.0,1900.0,1.0,0.0
forward,41,20.5,0.005502604368356145,0.0,0.0,2179.0,1.0,0.0
forward,42,21.0,0.007890691414608852,0.0,0.0,1896.0,1.0,0.0
forward,43,21.5,0.0042269111930934855,0.0,0.0,2325.0,1.0,0.0
forward,44,22.0,0.002070501874147368,0.0,0.0,2031.0,1.0,0.0
forward,45,22.5,0.012727871930223955,0.0,0.0,1893.0,1.0,0.0
forward,46,23.0,0.018387370303035055,0.0,0.0,2075.0,1.0,0.0
forward,47,23.5,0.01845900801230016,0.0,0.0,2019.0,1.0,0.0
forward,48,24.0,0.025071651111701954,0.0,0.0,2197.0,1.0,0.0
forward,49,24.5,0.01956222893480586,0.0,0.0,2328.0,1.0,0.0
forward,50,25.0,0.027742629136007224,0.0,0.0,1905.0,1.0,0.0
forward,51,25.5,0.024673227150596944,0.0,0.0,2138.0,1.0,0.0
forward,52,26.0,0.025683266909275915,0.0,0.0,1904.0,1.0,0.0
forward,53,26.5,0.030343342588572852,0.0,0.0,2437.0,1.0,0.0
forward,54,27.0,0.03708306506199932,0.0,0.0,1940.0,1.0,0.0
forward,55,27.5,0.03535870080658654,0.0,0.0,2048.0,1.0,0.0
forward,56,28.0,0.03160457408380424,0.0,0.0,2040.0,1.0,0.0
forward,57,28.5,0.03817826069194297,0.0,0.0,1901.0,1.0,0.0
forward,58,29.0,0.038811226144975564,0.0,0.0,1898.0,1.0,0.0
forward,59,29.5,0.040873611997469084,0.0,0.0,1911.0,1.0,0.0
forward,60,30.0,0.03414215950797583,0.0,0.0,2415.0,1.0,0.0
forward,61,30.5,0.03885484889303825,0.0,0.0,2163.0,1.0,0.0
forward,62,31.0,0.035150492010501466,0.0,0.0,1954.0,1.0,0.0
forward,63,31.5,0.027333942425489255,0.0,0.0,2080.0,1.0,0.0
forward,64,32.0,0.03234305054483144,0.0,0.0,2432.0,1.0,0.0
forward,65,32.5,0.04674738692770575,0.0,0.0,2008.0,1.0,0.0
forward,66,33.0,0.04908675344907465,0.0,0.0,1929.0,1.0,0.0
forward,67,33.5,0.05075070044750163,0.0,0.0,2410.0,1.0,0.0
forward,68,34.0,0.057718086357930076,0.0,0.0,2510.0,1.0,0.0
forward,69,34.5,0.060480090788026075,0.0,0.0,2486.0,1.0,0.0
forward,70,35.0,0.052260450076055065,0.0,0.0,2238.0,1.0,0.0
forward,71,35.5,0.036298059343891964,0.0,0.0,2211.0,1.0,0.0
forward,72,36.0,0.021398933152426025,0.0,0.0,2220.0,1.0,0.0
forward,73,36.5,0.031103358228364186,0.0,0.0,2462.0,1.0,0.0
forward,74,37.0,0.02531255683383904,0.0,0.0,2133.0,1.0,0.0
forward,75,37.5,0.020092725063939554,0.0,0.0,2385.0,1.0,0.0
forward,76,38.0,0.02149326159211995,0.0,0.0,2303.0,1.0,0.0
forward,77,38.5,0.030257777576885303,0.0,0.0,2161.0,1.0,0.0
forward,78,39.0,0.03471087673940332,0.0,0.0,2447.0,1.0,0.0
forward,79,39.5,0.035235027535648555,0.0,0.0,2462.0,1.0,0.0
forward,80,40.0,0.061593796563983005,0.0,0.0,2517.0,1.0,0.0
forward,81,40.5,0.06560727044776371,0.0,0.0,2256.0,1.0,0.0
forward,82,41.0,0.06994538131271355,0.0,0.0,2367.0,1.0,0.0
forward,83,41.5,0.07047941259698831,0.0,0.0,2052.0,1.0,0.0
forward,84,42.0,0.08130043983904756,0.0,0.0,2496.0,1.0,0.0
forward,85,42.5,0.07502112028532082,0.0,0.0,2331.0,1.0,0.0
forward,86,43.0,0.06506573466337073,0.0,0.0,2164.0,1.0,0.0
forward,87,43.5,0.06150543199164815,0.0,0.0,2203.0,1.0,0.0
forward,88,44.0,0.047354260889783006,0.0,0.0,2248.0,1.0,0.0
forward,89,44.5,0.049095204732239495,0.0,0.0,2507.0,1.0,0.0
forward,90,45.0,0.056491648877511125,0.0,0.0,2183.0,1.0,0.0
forward,91,45.5,0.049874085367896726,0.0,0.0,2186.0,1.0,0.0
forward,92,46.0,0.04299139940480501,0.0,0.0,2285.0,1.0,0.0
forward,93,46.5,0.0447777869367485,0.0,0.0,2431.0,1.0,0.0
forward,94,47.0,0.04301303038185722,0.0,0.0,2118.0,1.0,0.0
forward,95,47.5,0.03435245813334831,0.0,0.0,2240.0,1.0,0.0
forward,96,48.0,0.038902653889202554,0.0,0.0,2084.0,1.0,0.0
forward,97,48.5,0.028515533664503323,0.0,0.0,2042.0,1.0,0.0
forward,98,49.0,0.0335952504961341,0.0,0.0,1962.0,1.0,0.0
forward,99,49.5,0.0324924545604901,0.0,0.0,2183.0,1.0,0.0
forward,100,50.0,0.042551660044821915,0.0,0.0,1933.0,1.0,0.0
forward,101,50.5,0.03948341939090483,0.0,0.0,2073.0,1.0,0.0
forward,102,51.0,0.036377678835201266,0.0,0.0,1984.0,1.0,0.0
forward,103,51.5,0.052635736624125684,0.0,0.0,2036.0,1.0,0.0
forward,104,52.0,0.04533057275462937,0.0,0.0,1939.0,1.0,0.0
forward,105,52.5,0.046763370022880224,0.0,0.0,1919.0,1.0,0.0
forward,106,53.0,0.04267985514577788,0.0,0.0,2266.0,1.0,0.0
forward,107,53.5,0.04536030067053076,0.0,0.0,1952.0,1.0,0.0
forward,108,54.0,0.043665499785419115,0.0,0.0,1964.0,1.0,0.0
forward,109,54.5,0.033132582208317274,0.0,0.0,2029.0,1.0,0.0
forward,110,55.0,0.036822852300019804,0.0,0.0,1909.0,1.0,0.0
forward,111,55.5,0.0411194376023829,0.0,0.0,1941.0,1.0,0.0
forward,112,56.0,0.04098483325739721,0.0,0.0,1975.0,1.0,0.0
forward,113,56.5,0.037656146399847046,0.0,0.0,1928.0,1.0,0.0
forward,114,57.0,0.027433104678664222,0.0,0.0,1998.0,1.0,0.0
forward,115,57.5,0.02299436368814156,0.0,0.0,1885.0,1.0,0.0
forward,116,58.0,0.012568762039499859,0.0,0.0,1926.0,1.0,0.0
forward,117,58.5,0.0036845990343010726,0.0,0.0,1901.0,1.0,0.0
forward,118,59.0,0.0014347117904804918,0.0,0.0,1926.0,1.0,0.0
forward,119,59.5,0.008481442896901115,0.0,0.0,1900.0,1.0,0.0
forward,120,60.0,0.013338817708948625,0.0,0.0,1951.0,1.0,0.0
forward,121,60.5,0.022516604370032667,0.0,0.0,1902.0,1.0,0.0
forward,122,61.0,0.02296055496567817,0.0,0.0,1931.0,1.0,0.0
forward,123,61.5,0.013523046638297842,0.0,0.0,1908.0,1.0,0.0
forward,124,62.0,0.025468164774707702,0.0,0.0,1919.0,1.0,0.0
forward,125,62.5,0.03190149072782589,0.0,0.0,1968.0,1.0,0.0
forward,126,63.0,0.04507520413842059,0.0,0.0,1964.0,1.0,0.0
forward,127,63.5,0.04087550240004134,0.0,0.0,1953.0,1.0,0.0
forward,128,64.0,0.042090406082834875,0.0,0.0,1923.0,1.0,0.0
forward,129,64.5,0.026470459214991138,0.0,0.0,1928.0,1.0,0.0
forward,130,65.0,0.019000491316575108,0.0,0.0,1912.0,1.0,0.0
forward,131,65.5,0.018991474578513134,0.0,0.0,1920.0,1.0,0.0
forward,132,66.0,0.024874455149500818,0.0,0.0,1917.0,1.0,0.0
forward,133,66.5,0.022070151963603735,0.0,0.0,1919.0,1.0,0.0
forward,134,67.0,0.023081494793856905,0.0,0.0,1935.0,1.0,0.0
forward,135,67.5,0.019100236656271363,0.0,0.0,1944.0,1.0,0.0
forward,136,68.0,0.02399929274749013,0.0,0.0,1918.0,1.0,0.0
forward,137,68.5,0.03336791081576962,0.0,0.0,1921.0,1.0,0.0
forward,138,69.0,0.033765531609006416,0.0,0.0,1923.0,1.0,0.0
forward,139,69.5,0.028635571773023116,0.0,0.0,1932.0,1.0,0.0
forward,140,70.0,0.022722315685470562,0.0,0.0,1901.0,1.0,0.0
forward,141,70.5,0.017322494422089108,0.0,0.0,1930.0,1.0,0.0
forward,142,71.0,0.027051121031647085,0.0,0.0,1939.0,1.0,0.0
forward,143,71.5,0.02606301812150491,0.0,0.0,1932.0,1.0,0.0
forward,144,72.0,0.02388514368374217,0.0,0.0,1917.0,1.0,0.0
forward,145,72.5,0.024737424535047126,0.0,0.0,1923.0,1.0,0.0
forward,146,73.0,0.022697353485952476,0.0,0.0,1923.0,1.0,0.0
forward,147,73.5,0.02078034299191245,0.0,0.0,1904.0,1.0,0.0
forward,148,74.0,0.02361895342882292,0.0,0.0,1951.0,1.0,0.0
forward,149,74.5,0.015380412223933604,0.0,0.0,1911.0,1.0,0.0
forward,150,75.0,0.022116780766950228,0.0,0.0,1904.0,1.0,0.0
forward,151,75.5,0.030479440320434037,0.0,0.0,1919.0,1.0,0.0
forward,152,76.0,0.03662678995019064,0.0,0.0,1935.0,1.0,0.0
forward,153,76.5,0.043369739083274794,0.0,0.0,1930.0,1.0,0.0
forward,154,77.0,0.03661857160453508,0.0,0.0,1933.0,1.0,0.0
forward,155,77.5,0.030354052393974484,0.0,0.0,1922.0,1.0,0.0
forward,156,78.0,0.03465047320371184,0.0,0.0,1926.0,1.0,0.0
forward,157,78.5,0.03979379592351506,0.0,0.0,1950.0,1.0,0.0
forward,158,79.0,0.03331370018443636,0.0,0.0,1929.0,1.0,0.0
forward,159,79.5,0.02326565478527698,0.0,0.0,1897.0,1.0,0.0
forward,160,80.0,0.0216300354848471,0.0,0.0,1921.0,1.0,0.0
forward,161,80.5,0.011985508054692673,0.0,0.0,1964.0,1.0,0.0
forward,162,81.0,0.01010691238768402,0.0,0.0,1890.0,1.0,0.0
forward,163,81.5,0.010444543599547274,0.0,0.0,1984.0,1.0,0.0
forward,164,82.0,0.007079307952494673,0.0,0.0,1910.0,1.0,0.0
forward,165,82.5,0.0030812465695220226,0.0,0.0,1956.0,1.0,0.0
forward,166,83.0,0.012646193549457507,0.0,0.0,1889.0,1.0,0.0
forward,167,83.5,0.003069971258568671,0.0,0.0,1950.0,1.0,0.0
forward,168,84.0,0.008656030553197525,0.0,0.0,1887.0,1.0,0.0
forward,169,84.5,0.007922358930130713,0.0,0.0,1903.0,1.0,0.0
forward,170,85.0,0.0031078741310182068,0.0,0.0,1898.0,1.0,0.0
forward,171,85.5,0.0010131774133554927,0.0,0.0,1902.0,1.0,0.0
forward,172,86.0,0.004690348736232863,0.0,0.0,1902.0,1.0,0.0
forward,173,86.5,0.008352475739371812,0.0,0.0,1898.0,1.0,0.0
forward,174,87.0,0.005316552181554357,0.0,0.0,1929.0,1.0,0.0
forward,175,87.5,0.019986768017616896,0.0,0.0,1976.0,1.0,0.0
forward,176,88.0,0.022287263327740447,0.0,0.0,1911.0,1.0,0.0
forward,177,88.5,0.01563713653642651,0.0,0.0,1908.0,1.0,0.0
forward,178,89.0,0.013151356938223557,0.0,0.0,1968.0,1.0,0.0
forward,179,89.5,0.012627430409466456,0.0,0.0,1892.0,1.0,0.0
forward,180,90.0,0.023264404415684226,0.0,0.0,2059.0,1.0,0.0
forward,181,90.5,0.01704737114441457,0.0,0.0,2003.0,1.0,0.0
forward,182,91.0,0.0298066591491164,0.0,0.0,2037.0,1.0,0.0
forward,183,91.5,0.025390115800647095,0.0,0.0,2095.0,1.0,0.0
forward,184,92.0,0.03322059345933326,0.0,0.0,2045.0,1.0,0.0
forward,185,92.5,0.04052944454670637,0.0,0.0,2373.0,1.0,0.0
forward,186,93.0,0.04339375385646349,0.0,0.0,1929.0,1.0,0.0
forward,187,93.5,0.039881182486325883,0.0,0.0,2076.0,1.0,0.0
forward,188,94.0,0.037510663375670106,0.0,0.0,2356.0,1.0,0.0
forward,189,94.5,0.036989316628307733,0.0,0.0,1960.0,1.0,0.0
forward,190,95.0,0.03610666578778421,0.0,0.0,2022.0,1.0,0.0
forward,191,95.5,0.04374415576013746,0.0,0.0,1923.0,1.0,0.0
forward,192,96.0,0.04260320265227335,0.0,0.0,1970.0,1.0,0.0
forward,193,96.5,0.03820408989996338,0.0,0.0,2465.0,1.0,0.0
forward,194,97.0,0.039107417574726355,0.0,0.0,2486.0,1.0,0.0
forward,195,97.5,0.04509099169750641,0.0,0.0,2425.0,1.0,0.0
forward,196,98.0,0.04288916074838767,0.0,0.0,2191.0,1.0,0.0
forward,197,98.5,0.039748719166667,0.0,0.0,2173.0,1.0,0.0
forward,198,99.0,0.04045622956772377,0.0,0.0,2415.0,1.0,0.0
forward,199,99.5,0.035336971584726484,0.0,0.0,2212.0,1.0,0.0
forward,200,100.0,0.04201534552065311,0.0,0.0,1996.0,1.0,0.0
forward,201,100.5,0.0338433244321692,0.0,0.0,2280.0,1.0,0.0
forward,202,101.0,0.030724471070797676,0.0,0.0,2462.0,1.0,0.0
forward,203,101.5,0.03516237311134773,0.0,0.0,2321.0,1.0,0.0
forward,204,102.0,0.03806274680449917,0.0,0.0,2369.0,1.0,0.0
forward,205,102.5,0.04040886568733981,0.0,0.0,2413.0,1.0,0.0
forward,206,103.0,0.04058556313188433,0.0,0.0,2301.0,1.0,0.0
forward,207,103.5,0.042577148997182235,0.0,0.0,2449.0,1.0,0.0
forward,208,104.0,0.041562237822276415,0.0,0.0,2263.0,1.0,0.0
forward,209,104.5,0.04792819894957745,0.0,0.0,2488.0,1.0,0.0
forward,210,105.0,0.05506816818548543,0.0,0.0,2357.0,1.0,0.0
forward,211,105.5,0.05323281084368148,0.0,0.0,2372.0,1.0,0.0
forward,212,106.0,0.057561034181745185,0.0,0.0,2324.0,1.0,0.0
forward,213,106.5,0.06444435037393248,0.0,0.0,2389.0,1.0,0.0
forward,214,107.0,0.0617508529588946,0.0,0.0,2204.0,1.0,0.0
forward,215,107.5,0.06789837447911395,0.0,0.0,1916.0,1.0,0.0
forward,216,108.0,0.08552602398495424,0.0,0.0,2137.0,1.0,0.0
forward,217,108.5,0.08775736304579596,0.0,0.0,2229.0,1.0,0.0
forward,218,109.0,0.08913372873335845,0.0,0.0,1992.0,1.0,0.0
forward,219,109.5,0.09891609617247354,0.0,0.0,2038.0,1.0,0.0
forward,220,110.0,0.10629129825652228,0.0,0.0,1950.0,1.0,0.0
forward,221,110.5,0.10939813808849408,0.0,0.0,1953.0,1.0,0.0
forward,222,111.0,0.11678957213949559,0.0,0.0,1911.0,1.0,0.0
forward,223,111.5,0.1226660672711688,0.0,0.0,1911.0,1.0,0.0
forward,224,112.0,0.1289727464681505,0.0,0.0,1926.0,1.0,0.0
forward,225,112.5,0.13077062936538653,0.0,0.0,2244.0,1.0,0.0
forward,226,113.0,0.12377851714893495,0.0,0.0,2104.0,1.0,0.0
forward,227,113.5,0.13286015708841603,0.0,0.0,1931.0,1.0,0.0
forward,228,114.0,0.1364417372563338,0.0,0.0,1932.0,1.0,0.0
forward,229,114.5,0.14918844979563062,0.0,0.0,1932.0,1.0,0.0
forward,230,115.0,0.15245478594270878,0.0,0.0,1936.0,1.0,0.0
forward,231,115.5,0.15228822290366395,0.0,0.0,1927.0,1.0,0.0
forward,232,116.0,0.1532263692237592,0.0,0.0,1915.0,1.0,0.0
forward,233,116.5,0.16443717524028045,0.0,0.0,1891.0,1.0,0.0
forward,234,117.0,0.1722283912265965,0.0,0.0,1883.0,1.0,0.0
forward,235,117.5,0.17852520528914795,0.0,0.0,1887.0,1.0,0.0
forward,236,118.0,0.18619031697789978,0.0,0.0,1895.0,1.0,0.0
forward,237,118.5,0.19136208969521817,0.0,0.0,1901.0,1.0,0.0
forward,238,119.0,0.20653431478251605,0.0,0.0,1894.0,1.0,0.0
forward,239,119.5,0.2063225600947476,0.0,0.0,1896.0,1.0,0.0
forward,240,120.0,0.2091482291870932,0.0,0.0,1907.0,1.0,0.0
forward,241,120.5,0.20984130080786656,0.0,0.0,1899.0,1.0,0.0
forward,242,121.0,0.21697904022714454,0.0,0.0,1915.0,1.0,0.0
forward,243,121.5,0.2192808440775167,0.0,0.0,1928.0,1.0,0.0
forward,244,122.0,0.23196709476619048,0.0,0.0,1922.0,1.0,0.0
forward,245,122.5,0.23551369104468733,0.0,0.0,1924.0,1.0,0.0
forward,246,123.0,0.23248918029977972,0.0,0.0,1933.0,1.0,0.0
forward,247,123.5,0.23430248014594213,0.0,0.0,1924.0,1.0,0.0
forward,248,124.0,0.23963984469746435,0.0,0.0,1930.0,1.0,0.0
forward,249,124.5,0.24268251144056308,0.0,0.0,1938.0,1.0,0.0
forward,250,125.0,0.23319972160010138,0.0,0.0,1936.0,1.0,0.0
forward,251,125.5,0.22826115591570328,0.0,0.0,1935.0,1.0,0.0
forward,252,126.0,0.22676119059991606,0.0,0.0,1909.0,1.0,0.0
forward,253,126.5,0.2316188566871773,0.0,0.0,1929.0,1.0,0.0
forward,254,127.0,0.22901646064885028,0.0,0.0,1927.0,1.0,0.0
forward,255,127.5,0.22846682201738133,0.0,0.0,1924.0,1.0,0.0
forward,256,128.0,0.24176180531938485,0.0,0.0,1941.0,1.0,0.0
forward,257,128.5,0.24451602602675848,0.0,0.0,1927.0,1.0,0.0
forward,258,129.0,0.2377400748399623,0.0,0.0,1935.0,1.0,0.0
forward,259,129.5,0.2453252491842477,0.0,0.0,1943.0,1.0,0.0
forward,260,130.0,0.24470185083407614,0.0,0.0,1929.0,1.0,0.0
forward,261,130.5,0.2537989248833128,0.0,0.0,1920.0,1.0,0.0
forward,262,131.0,0.2585466415025053,0.0,0.0,1915.0,1.0,0.0
forward,263,131.5,0.250970307337127,0.0,0.0,1918.0,1.0,0.0
forward,264,132.0,0.25646886888063136,0.0,0.0,1901.0,1.0,0.0
forward,265,132.5,0.26634940460610323,0.0,0.0,1916.0,1.0,0.0
forward,266,133.0,0.2562559615232374,0.0,0.0,1911.0,1.0,0.0
forward,267,133.5,0.26376122114683653,0.0,0.0,1910.0,1.0,0.0
forward,268,134.0,0.2737211777668449,0.0,0.0,1895.0,1.0,0.0
forward,269,134.5,0.29185575304472877,0.0,0.0,1904.0,1.0,0.0
forward,270,135.0,0.2896494342689948,0.0,0.0,1907.0,1.0,0.0
forward,271,135.5,0.28229478909165096,0.0,0.0,1956.0,1.0,0.0
forward,272,136.0,0.2819817343279567,0.0,0.0,1898.0,1.0,0.0
forward,273,136.5,0.2886069075740352,0.0,0.0,1889.0,1.0,0.0
forward,274,137.0,0.28498684469798263,0.0,0.0,1959.0,1.0,0.0
forward,275,137.5,0.30182413171684175,0.0,0.0,1915.0,1.0,0.0
forward,276,138.0,0.3047913643953848,0.0,0.0,1910.0,1.0,0.0
forward,277,138.5,0.3108387070076901,0.0,0.0,1924.0,1.0,0.0
forward,278,139.0,0.3176914423357573,0.0,0.0,1915.0,1.0,0.0
forward,279,139.5,0.32001993117799543,0.0,0.0,1945.0,1.0,0.0
forward,280,140.0,0.3226585237167967,0.0,0.0,1932.0,1.0,0.0
forward,281,140.5,0.3321340900702978,0.0,0.0,1977.0,1.0,0.0
forward,282,141.0,0.33001279705118236,0.0,0.0,2013.0,1.0,0.0
forward,283,141.5,0.3294222122675876,0.0,0.0,1921.0,1.0,0.0
forward,284,142.0,0.33168070790515003,0.0,0.0,1921.0,1.0,0.0
forward,285,142.5,0.3118693150791785,0.0,0.0,1919.0,1.0,0.0
forward,286,143.0,0.30937094204585946,0.0,0.0,1903.0,1.0,0.0
forward,287,143.5,0.30225896107717176,0.0,0.0,1910.0,1.0,0.0
forward,288,144.0,0.30406655196017596,0.0,0.0,1931.0,1.0,0.0
forward,289,144.5,0.3073686654453809,0.0,0.0,1949.0,1.0,0.0
forward,290,145.0,0.3167257106502177,0.0,0.0,1907.0,1.0,0.0
forward,291,145.5,0.3227625603364572,0.0,0.0,1932.0,1.0,0.0
forward,292,146.0,0.32745633177574973,0.0,0.0,2087.0,1.0,0.0
forward,293,146.5,0.33954418448075785,0.0,0.0,1946.0,1.0,0.0
forward,294,147.0,0.3500971184640207,0.0,0.0,1994.0,1.0,0.0
forward,295,147.5,0.3537215274744199,0.0,0.0,1987.0,1.0,0.0
forward,296,148.0,0.36126583672290735,0.0,0.0,2003.0,1.0,0.0
forward,297,148.5,0.36338563254429346,0.0,0.0,1943.0,1.0,0.0
forward,298,149.0,0.3714681039180334,0.0,0.0,1894.0,1.0,0.0
forward,299,149.5,0.3641247810336665,0.0,0.0,1963.0,1.0,0.0
forward,300,150.0,0.37408769284732557,0.0,0.0,1941.0,1.0,0.0
forward,301,150.5,0.37000006106768524,0.0,0.0,1904.0,1.0,0.0
forward,302,151.0,0.3827002223402758,0.0,0.0,1937.0,1.0,0.0
forward,303,151.5,0.3798516169309494,0.0,0.0,1908.0,1.0,0.0
forward,304,152.0,0.38614619051412546,0.0,0.0,1922.0,1.0,0.0
forward,305,152.5,0.39091702857774635,0.0,0.0,1911.0,1.0,0.0
forward,306,153.0,0.3978406997544539,0.0,0.0,2032.0,1.0,0.0
forward,307,153.5,0.38909845184736014,0.0,0.0,2007.0,1.0,0.0
forward,308,154.0,0.38560812942378675,0.0,0.0,1912.0,1.0,0.0
forward,309,154.5,0.3885670822791951,0.0,0.0,1990.0,1.0,0.0
forward,310,155.0,0.3943425826450948,0.0,0.0,1960.0,1.0,0.0
forward,311,155.5,0.3998161036935812,0.0,0.0,2200.0,1.0,0.0
forward,312,156.0,0.3958842251569479,0.0,0.0,1974.0,1.0,0.0
forward,313,156.5,0.38261220217796676,0.0,0.0,2017.0,1.0,0.0
forward,314,157.0,0.3807153877365579,0.0,0.0,2044.0,1.0,0.0
forward,315,157.5,0.3793817505002437,0.0,0.0,1917.0,1.0,0.0
forward,316,158.0,0.3693206670999132,0.0,0.0,2080.0,1.0,0.0
forward,317,158.5,0.3705515732508786,0.0,0.0,2138.0,1.0,0.0
forward,318,159.0,0.3683578449606273,0.0,0.0,2099.0,1.0,0.0
forward,319,159.5,0.3701505972289567,0.0,0.0,2195.0,1.0,0.0
forward,320,160.0,0.3684544877588962,0.0,0.0,2178.0,1.0,0.0
forward,321,160.5,0.3805528059766061,0.0,0.0,2240.0,1.0,0.0
forward,322,161.0,0.3793926215888632,0.0,0.0,1958.0,1.0,0.0
forward,323,161.5,0.3660011294044807,0.0,0.0,2198.0,1.0,0.0
forward,324,162.0,0.3591357183391892,0.0,0.0,2134.0,1.0,0.0
forward,325,162.5,0.34475205754731064,0.0,0.0,2191.0,1.0,0.0
forward,326,163.0,0.34664092818758263,0.0,0.0,2137.0,1.0,0.0
forward,327,163.5,0.34448048522071417,0.0,0.0,2190.0,1.0,0.0
forward,328,164.0,0.33819252231410246,0.0,0.0,2192.0,1.0,0.0
forward,329,164.5,0.3375216507043035,0.0,0.0,2197.0,1.0,0.0
forward,330,165.0,0.33210621062337964,0.0,0.0,2183.0,1.0,0.0
forward,331,165.5,0.3351244702078304,0.0,0.0,2118.0,1.0,0.0
forward,332,166.0,0.33460031874292895,0.0,0.0,2241.0,1.0,0.0
forward,333,166.5,0.331343006510906,0.0,0.0,2095.0,1.0,0.0
forward,334,167.0,0.32554582242138963,0.0,0.0,2023.0,1.0,0.0
forward,335,167.5,0.32027045960174405,0.0,0.0,2091.0,1.0,0.0
forward,336,168.0,0.3107730019601149,0.0,0.0,2178.0,1.0,0.0
forward,337,168.5,0.31458900255009326,0.0,0.0,2042.0,1.0,0.0
forward,338,169.0,0.32202979696901934,0.0,0.0,2254.0,1.0,0.0
forward,339,169.5,0.33615704769647436,0.0,0.0,2029.0,1.0,0.0
forward,340,170.0,0.32136051999270876,0.0,0.0,2195.0,1.0,0.0
forward,341,170.5,0.32352213851211786,0.0,0.0,2056.0,1.0,0.0
forward,342,171.0,0.3265900561130195,0.0,0.0,2160.0,1.0,0.0
forward,343,171.5,0.32735730897201165,0.0,0.0,2086.0,1.0,0.0
forward,344,172.0,0.327633780001122,0.0,0.0,2030.0,1.0,0.0
forward,345,172.5,0.3232184470177515,0.0,0.0,2017.0,1.0,0.0
forward,346,173.0,0.31769690456283683,0.0,0.0,1949.0,1.0,0.0
forward,347,173.5,0.3153886197409861,0.0,0.0,2013.0,1.0,0.0
forward,348,174.0,0.33093535229195936,0.0,0.0,2032.0,1.0,0.0
forward,349,174.5,0.32093869034173395,0.0,0.0,2083.0,1.0,0.0
forward,350,175.0,0.30996692351521915,0.0,0.0,1944.0,1.0,0.0
forward,351,175.5,0.3224882204523283,0.0,0.0,2065.0,1.0,0.0
forward,352,176.0,0.3198831542065079,0.0,0.0,1956.0,1.0,0.0
forward,353,176.5,0.3160385529191103,0.0,0.0,1962.0,1.0,0.0
forward,354,177.0,0.3237928213880821,0.0,0.0,1963.0,1.0,0.0
forward,355,177.5,0.3206931011812628,0.0,0.0,1961.0,1.0,0.0
forward,356,178.0,0.3253904705516675,0.0,0.0,1961.0,1.0,0.0
forward,357,178.5,0.3193902487479079,0.0,0.0,1949.0,1.0,0.0
forward,358,179.0,0.3218275882235275,0.0,0.0,1939.0,1.0,0.0
forward,359,179.5,0.3321176167244744,0.0,0.0,1969.0,1.0,0.0
forward,360,180.0,0.3459742251210116,0.0,0.0,1998.0,1.0,0.0
forward,361,180.5,0.3451357711911669,0.0,0.0,2043.0,1.0,0.0
forward,362,181.0,0.34994105196557257,0.0,0.0,2079.0,1.0,0.0
forward,363,181.5,0.34953743102849444,0.0,0.0,2007.0,1.0,0.0
forward,364,182.0,0.3624200412032508,0.0,0.0,1950.0,1.0,0.0
forward,365,182.5,0.35871468393662553,0.0,0.0,1969.0,1.0,0.0
forward,366,183.0,0.3555489085601664,0.0,0.0,2018.0,1.0,0.0
forward,367,183.5,0.3526825265960838,0.0,0.0,1996.0,1.0,0.0
forward,368,184.0,0.3546718121323238,0.0,0.0,2386.0,1.0,0.0
forward,369,184.5,0.3563046690927081,0.0,0.0,2387.0,1.0,0.0
forward,370,185.0,0.35987136884855886,0.0,0.0,1946.0,1.0,0.0
forward,371,185.5,0.3474303131899319,0.0,0.0,1986.0,1.0,0.0
forward,372,186.0,0.34790735791378324,0.0,0.0,2182.0,1.0,0.0
forward,373,186.5,0.3476360126051077,0.0,0.0,2140.0,1.0,0.0
forward,374,187.0,0.3562145637530705,0.0,0.0,2454.0,1.0,0.0
forward,375,187.5,0.3607906674273522,0.0,0.0,2271.0,1.0,0.0
forward,376,188.0,0.37535765312193803,0.0,0.0,2321.0,1.0,0.0
forward,377,188.5,0.3704201619937919,0.0,0.0,2366.0,1.0,0.0
forward,378,189.0,0.3768933216128971,0.0,0.0,2268.0,1.0,0.0
forward,379,189.5,0.37118486469753975,0.0,0.0,2195.0,1.0,0.0
forward,380,190.0,0.370006919000474,0.0,0.0,2142.0,1.0,0.0
forward,381,190.5,0.3623671120577683,0.0,0.0,2227.0,1.0,0.0
forward,382,191.0,0.35351477296882194,0.0,0.0,2459.0,1.0,0.0
forward,383,191.5,0.3623508772180912,0.0,0.0,2384.0,1.0,0.0
forward,384,192.0,0.3646772723763263,0.0,0.0,2389.0,1.0,0.0
forward,385,192.5,0.36974144924298,0.0,0.0,2189.0,1.0,0.0
forward,386,193.0,0.3675139356898285,0.0,0.0,2307.0,1.0,0.0
forward,387,193.5,0.3578778190724847,0.0,0.0,2235.0,1.0,0.0
forward,388,194.0,0.3475292741458418,0.0,0.0,2164.0,1.0,0.0
forward,389,194.5,0.34158400988189896,0.0,0.0,2067.0,1.0,0.0
forward,390,195.0,0.3340342825614755,0.0,0.0,2393.0,1.0,0.0
forward,391,195.5,0.34516965843576486,0.0,0.0,2167.0,1.0,0.0
forward,392,196.0,0.34745483641671626,0.0,0.0,2052.0,1.0,0.0
forward,393,196.5,0.3334756436660484,0.0,0.0,2127.0,1.0,0.0
forward,394,197.0,0.3237185912589098,0.0,0.0,1995.0,1.0,0.0
forward,395,197.5,0.3314716057949738,0.0,0.0,2018.0,1.0,0.0
forward,396,198.0,0.33353337951336925,0.0,0.0,2225.0,1.0,0.0
forward,397,198.5,0.3421924570073145,0.0,0.0,2015.0,1.0,0.0
forward,398,199.0,0.3304232507826157,0.0,0.0,2164.0,1.0,0.0
forward,399,199.5,0.33374464061046183,0.0,0.0,2163.0,1.0,0.0
forward,400,200.0,0.3389165202649167,0.0,0.0,2155.0,1.0,0.0
forward,401,200.5,0.32988463210494956,0.0,0.0,2056.0,1.0,0.0
forward,402,201.0,0.32639381973555714,0.0,0.0,2221.0,1.0,0.0
forward,403,201.5,0.32635607500301944,0.0,0.0,2220.0,1.0,0.0
forward,404,202.0,0.3335875138510005,0.0,0.0,2124.0,1.0,0.0
forward,405,202.5,0.3277535170377064,0.0,0.0,2108.0,1.0,0.0
forward,406,203.0,0.3229322915721582,0.0,0.0,1989.0,1.0,0.0
forward,407,203.5,0.331473392167112,0.0,0.0,2103.0,1.0,0.0
forward,408,204.0,0.3452518481845459,0.0,0.0,2217.0,1.0,0.0
forward,409,204.5,0.3440388701379504,0.0,0.0,2189.0,1.0,0.0
forward,410,205.0,0.3437913764084044,0.0,0.0,2218.0,1.0,0.0
forward,411,205.5,0.3405371199004037,0.0,0.0,2263.0,1.0,0.0
forward,412,206.0,0.3389781315739242,0.0,0.0,2234.0,1.0,0.0
forward,413,206.5,0.3330313240564635,0.0,0.0,2167.0,1.0,0.0
forward,414,207.0,0.339969434113101,0.0,0.0,2142.0,1.0,0.0
forward,415,207.5,0.3486156493739543,0.0,0.0,2071.0,1.0,0.0
forward,416,208.0,0.3492593408380742,0.0,0.0,2026.0,1.0,0.0
forward,417,208.5,0.3433849360071406,0.0,0.0,1983.0,1.0,0.0
forward,418,209.0,0.3467121319135913,0.0,0.0,2072.0,1.0,0.0
forward,419,209.5,0.36136382529127786,0.0,0.0,2012.0,1.0,0.0
forward,420,210.0,0.3711141112696623,0.0,0.0,1965.0,1.0,0.0
forward,421,210.5,0.37052285643264327,0.0,0.0,2041.0,1.0,0.0
forward,422,211.0,0.3797246925347224,0.0,0.0,1996.0,1.0,0.0
forward,423,211.5,0.37303430697306794,0.0,0.0,2056.0,1.0,0.0
forward,424,212.0,0.37250130473586296,0.0,0.0,2001.0,1.0,0.0
forward,425,212.5,0.3828271236097862,0.0,0.0,1973.0,1.0,0.0
forward,426,213.0,0.38354978499839376,0.0,0.0,1969.0,1.0,0.0
forward,427,213.5,0.3997325821327138,0.0,0.0,2064.0,1.0,0.0
forward,428,214.0,0.3918603374636689,0.0,0.0,2014.0,1.0,0.0
forward,429,214.5,0.38996053029359246,0.0,0.0,2038.0,1.0,0.0
forward,430,215.0,0.40130123633639414,0.0,0.0,2010.0,1.0,0.0
forward,431,215.5,0.40303895201768114,0.0,0.0,1929.0,1.0,0.0
forward,432,216.0,0.39972218160221473,0.0,0.0,1964.0,1.0,0.0
forward,433,216.5,0.40923523970678843,0.0,0.0,1971.0,1.0,0.0
forward,434,217.0,0.4180060624883595,0.0,0.0,1942.0,1.0,0.0
forward,435,217.5,0.4210397798599388,0.0,0.0,1994.0,1.0,0.0
forward,436,218.0,0.43201748097837367,0.0,0.0,1931.0,1.0,0.0
forward,437,218.5,0.41829963265229253,0.0,0.0,1961.0,1.0,0.0
forward,438,219.0,0.4173181016956846,0.0,0.0,1997.0,1.0,0.0
forward,439,219.5,0.4211931362689256,0.0,0.0,1934.0,1.0,0.0
forward,440,220.0,0.4160498726899391,0.0,0.0,1933.0,1.0,0.0
forward,441,220.5,0.41625757440183975,0.0,0.0,1903.0,1.0,0.0
forward,442,221.0,0.4198686461161003,0.0,0.0,1913.0,1.0,0.0
forward,443,221.5,0.41986737103286487,0.0,0.0,1920.0,1.0,0.0
forward,444,222.0,0.41225680067441317,0.0,0.0,1915.0,1.0,0.0
forward,445,222.5,0.4096047014523947,0.0,0.0,1886.0,1.0,0.0
forward,446,223.0,0.42352229965482024,0.0,0.0,1924.0,1.0,0.0
forward,447,223.5,0.43297432577884365,0.0,0.0,1927.0,1.0,0.0
forward,448,224.0,0.4279672883151022,0.0,0.0,1927.0,1.0,0.0
forward,449,224.5,0.4296368545029736,0.0,0.0,1932.0,1.0,0.0
forward,450,225.0,0.4295286804188265,0.0,0.0,1940.0,1.0,0.0
forward,451,225.5,0.4258940543461449,0.0,0.0,1922.0,1.0,0.0
forward,452,226.0,0.41387708825868685,0.0,0.0,1910.0,1.0,0.0
forward,453,226.5,0.41904745194909765,0.0,0.0,1904.0,1.0,0.0
forward,454,227.0,0.41680881746879095,0.0,0.0,1925.0,1.0,0.0
forward,455,227.5,0.40501713197068057,0.0,0.0,1896.0,1.0,0.0
forward,456,228.0,0.39370389997228017,0.0,0.0,1907.0,1.0,0.0
forward,457,228.5,0.3873499541842307,0.0,0.0,1900.0,1.0,0.0
forward,458,229.0,0.3916405680531341,0.0,0.0,1921.0,1.0,0.0
forward,459,229.5,0.3775512109690169,0.0,0.0,1931.0,1.0,0.0
forward,460,230.0,0.3795923482729222,0.0,0.0,1903.0,1.0,0.0
forward,461,230.5,0.38147060141989186,0.0,0.0,1885.0,1.0,0.0
forward,462,231.0,0.37904682018123026,0.0,0.0,1886.0,1.0,0.0
forward,463,231.5,0.38048999686500906,0.0,0.0,1904.0,1.0,0.0
forward,464,232.0,0.3739639415004774,0.0,0.0,1901.0,1.0,0.0
forward,465,232.5,0.3866167596976311,0.0,0.0,1903.0,1.0,0.0
forward,466,233.0,0.3843242987829285,0.0,0.0,1886.0,1.0,0.0
forward,467,233.5,0.3763135672511737,0.0,0.0,1893.0,1.0,0.0
forward,468,234.0,0.37924926356225797,0.0,0.0,1888.0,1.0,0.0
forward,469,234.5,0.3776841416654406,0.0,0.0,1894.0,1.0,0.0
forward,470,235.0,0.3788342938136111,0.0,0.0,1894.0,1.0,0.0
forward,471,235.5,0.3720273654504638,0.0,0.0,1890.0,1.0,0.0
forward,472,236.0,0.37145242701768666,0.0,0.0,1899.0,1.0,0.0
forward,473,236.5,0.37102476546382945,0.0,0.0,1896.0,1.0,0.0
forward,474,237.0,0.3714741527690819,0.0,0.0,1891.0,1.0,0.0
forward,475,237.5,0.3739922153852149,0.0,0.0,1897.0,1.0,0.0
forward,476,238.0,0.3683295351238485,0.0,0.0,1884.0,1.0,0.0
forward,477,238.5,0.37372420869235157,0.0,0.0,1909.0,1.0,0.0
forward,478,239.0,0.3649505038904124,0.0,0.0,1907.0,1.0,0.0
forward,479,239.5,0.36268330883817157,0.0,0.0,1901.0,1.0,0.0
forward,480,240.0,0.37323377603277663,0.0,0.0,1894.0,1.0,0.0
forward,481,240.5,0.3710891538500505,0.0,0.0,1896.0,1.0,0.0
forward,482,241.0,0.3709057283471111,0.0,0.0,1896.0,1.0,0.0
forward,483,241.5,0.365054388751588,0.0,0.0,1899.0,1.0,0.0
forward,484,242.0,0.3624141649956414,0.0,0.0,1919.0,1.0,0.0
forward,485,242.5,0.36813021144106983,0.0,0.0,1905.0,1.0,0.0
forward,486,243.0,0.368027972411511,0.0,0.0,1902.0,1.0,0.0
forward,487,243.5,0.373242036787218,0.0,0.0,1897.0,1.0,0.0
forward,488,244.0,0.38009076615858817,0.0,0.0,1890.0,1.0,0.0
forward,489,244.5,0.373083084681781,0.0,0.0,1891.0,1.0,0.0
forward,490,245.0,0.3724395954606621,0.0,0.0,1904.0,1.0,0.0
forward,491,245.5,0.36723950201997013,0.0,0.0,1910.0,1.0,0.0
forward,492,246.0,0.37049859669357943,0.0,0.0,1885.0,1.0,0.0
forward,493,246.5,0.3746172566046937,0.0,0.0,1891.0,1.0,0.0
forward,494,247.0,0.3827325396784147,0.0,0.0,1888.0,1.0,0.0
forward,495,247.5,0.39296098825053605,0.0,0.0,1895.0,1.0,0.0
forward,496,248.0,0.39453587345241203,0.0,0.0,1897.0,1.0,0.0
forward,497,248.5,0.3907987735946108,0.0,0.0,1884.0,1.0,0.0
forward,498,249.0,0.3951829374249769,0.0,0.0,1897.0,1.0,0.0
forward,499,249.5,0.4058692483504558,0.0,0.0,1905.0,1.0,0.0
forward,500,250.0,0.3929172999135915,0.0,0.0,1882.0,1.0,0.0
forward,501,250.5,0.39381405003618397,0.0,0.0,1894.0,1.0,0.0
forward,502,251.0,0.40272568396702013,0.0,0.0,1903.0,1.0,0.0
forward,503,251.5,0.3994756019102681,0.0,0.0,1902.0,1.0,0.0
forward,504,252.0,0.4163060001078236,0.0,0.0,1901.0,1.0,0.0
forward,505,252.5,0.4263495977474463,0.0,0.0,1896.0,1.0,0.0
forward,506,253.0,0.43442439830178614,0.0,0.0,1943.0,1.0,0.0
forward,507,253.5,0.4327581591277294,0.0,0.0,1907.0,1.0,0.0
forward,508,254.0,0.4286938950671981,0.0,0.0,1919.0,1.0,0.0
forward,509,254.5,0.4190201693967026,0.0,0.0,1898.0,1.0,0.0
forward,510,255.0,0.4210063204693597,0.0,0.0,1917.0,1.0,0.0
forward,511,255.5,0.4255286895900383,0.0,0.0,1902.0,1.0,0.0
forward,512,256.0,0.42335144679293535,0.0,0.0,1915.0,1.0,0.0
forward,513,256.5,0.42888893326505695,0.0,0.0,1906.0,1.0,0.0
forward,514,257.0,0.4360664018522584,0.0,0.0,1931.0,1.0,0.0
forward,515,257.5,0.4205914561479176,0.0,0.0,1938.0,1.0,0.0
forward,516,258.0,0.4043749888275556,0.0,0.0,1894.0,1.0,0.0
forward,517,258.5,0.39661604354216706,0.0,0.0,1881.0,1.0,0.0
forward,518,259.0,0.3830572342112646,0.0,0.0,1892.0,1.0,0.0
forward,519,259.5,0.3795115356213614,0.0,0.0,1890.0,1.0,0.0
forward,520,260.0,0.3734671468598094,0.0,0.0,1979.0,1.0,0.0
forward,521,260.5,0.361817143960252,0.0,0.0,2317.0,1.0,0.0
forward,522,261.0,0.364642344205663,0.0,0.0,2205.0,1.0,0.0
forward,523,261.5,0.36595985780729734,0.0,0.0,2189.0,1.0,0.0
forward,524,262.0,0.36694531670190145,0.0,0.0,2015.0,1.0,0.0
forward,525,262.5,0.37065488316113715,0.0,0.0,1898.0,1.0,0.0
forward,526,263.0,0.38877639099848693,0.0,0.0,2099.0,1.0,0.0
forward,527,263.5,0.39076060214040353,0.0,0.0,2360.0,1.0,0.0
forward,528,264.0,0.40095279963873054,0.0,0.0,2346.0,1.0,0.0
forward,529,264.5,0.40207862725139876,0.0,0.0,2287.0,1.0,0.0
forward,530,265.0,0.4122633494737329,0.0,0.0,2217.0,1.0,0.0
forward,531,265.5,0.4106171194883359,0.0,0.0,2321.0,1.0,0.0
forward,532,266.0,0.4060695921398292,0.0,0.0,2205.0,1.0,0.0
forward,533,266.5,0.41608827614641086,0.0,0.0,2227.0,1.0,0.0
forward,534,267.0,0.41822579170025165,0.0,0.0,2147.0,1.0,0.0
forward,535,267.5,0.4115039584795568,0.0,0.0,2313.0,1.0,0.0
forward,536,268.0,0.41241708598874993,0.0,0.0,2155.0,1.0,0.0
forward,537,268.5,0.420282608998491,0.0,0.0,2313.0,1.0,0.0
forward,538,269.0,0.4218529721943014,0.0,0.0,2349.0,1.0,0.0
forward,539,269.5,0.4179416334998791,0.0,0.0,2334.0,1.0,0.0
forward,540,270.0,0.41123670996864803,0.0,0.0,2065.0,1.0,0.0
forward,541,270.5,0.4177515698700063,0.0,0.0,2202.0,1.0,0.0
forward,542,271.0,0.41288166089532297,0.0,0.0,1912.0,1.0,0.0
forward,543,271.5,0.4139401053075744,0.0,0.0,1970.0,1.0,0.0
forward,544,272.0,0.40374275078573874,0.0,0.0,2125.0,1.0,0.0
forward,545,272.5,0.4057759471114082,0.0,0.0,1994.0,1.0,0.0
forward,546,273.0,0.4040357853644423,0.0,0.0,2144.0,1.0,0.0
forward,547,273.5,0.38859582792429137,0.0,0.0,1975.0,1.0,0.0
forward,548,274.0,0.39677502177340784,0.0,0.0,2019.0,1.0,0.0
forward,549,274.5,0.39536824900113743,0.0,0.0,2020.0,1.0,0.0
forward,550,275.0,0.40021383275438893,0.0,0.0,2078.0,1.0,0.0
forward,551,275.5,0.39569963101581607,0.0,0.0,2061.0,1.0,0.0
forward,552,276.0,0.39599793439430186,0.0,0.0,1929.0,1.0,0.0
forward,553,276.5,0.3892022183720769,0.0,0.0,1993.0,1.0,0.0
forward,554,277.0,0.3954117416218992,0.0,0.0,1906.0,1.0,0.0
forward,555,277.5,0.3868583831016963,0.0,0.0,2187.0,1.0,0.0
forward,556,278.0,0.39890830030066127,0.0,0.0,2173.0,1.0,0.0
forward,557,278.5,0.3988478279075025,0.0,0.0,1945.0,1.0,0.0
forward,558,279.0,0.40831760449123067,0.0,0.0,2189.0,1.0,0.0
forward,559,279.5,0.42687337959495153,0.0,0.0,2223.0,1.0,0.0
forward,560,280.0,0.4348004639915075,0.0,0.0,2202.0,1.0,0.0
forward,561,280.5,0.42892271742823596,0.0,0.0,2050.0,1.0,0.0
forward,562,281.0,0.4298941372632612,0.0,0.0,2253.0,1.0,0.0
forward,563,281.5,0.43050369677069966,0.0,0.0,2160.0,1.0,0.0
forward,564,282.0,0.43476176641695474,0.0,0.0,2151.0,1.0,0.0
forward,565,282.5,0.45276392773354246,0.0,0.0,2161.0,1.0,0.0
forward,566,283.0,0.466390456624481,0.0,0.0,2151.0,1.0,0.0
forward,567,283.5,0.47233107633422833,0.0,0.0,2230.0,1.0,0.0
forward,568,284.0,0.4619836498647487,0.0,0.0,2066.0,1.0,0.0
forward,569,284.5,0.46742643418400576,0.0,0.0,2032.0,1.0,0.0
forward,570,285.0,0.45364115999348087,0.0,0.0,2269.0,1.0,0.0
forward,571,285.5,0.4585230724136977,0.0,0.0,2106.0,1.0,0.0
forward,572,286.0,0.46545558717025415,0.0,0.0,2235.0,1.0,0.0
forward,573,286.5,0.4762258872021903,0.0,0.0,2121.0,1.0,0.0
forward,574,287.0,0.4769660119757191,0.0,0.0,2076.0,1.0,0.0
forward,575,287.5,0.4759016212319125,0.0,0.0,2043.0,1.0,0.0
forward,576,288.0,0.4800826166248271,0.0,0.0,2008.0,1.0,0.0
forward,577,288.5,0.4820655442086945,0.0,0.0,2004.0,1.0,0.0
forward,578,289.0,0.4663464929223551,0.0,0.0,1971.0,1.0,0.0
forward,579,289.5,0.4513360714643113,0.0,0.0,2174.0,1.0,0.0
forward,580,290.0,0.4423094640661134,0.0,0.0,2362.0,1.0,0.0
forward,581,290.5,0.4322957645575798,0.0,0.0,2250.0,1.0,0.0
forward,582,291.0,0.42978470860964535,0.0,0.0,2158.0,1.0,0.0
forward,583,291.5,0.42318927900265635,0.0,0.0,1997.0,1.0,0.0
forward,584,292.0,0.42481973714200194,0.0,0.0,2012.0,1.0,0.0
forward,585,292.5,0.42335823824038243,0.0,0.0,1926.0,1.0,0.0
forward,586,293.0,0.42517692647959393,0.0,0.0,1864.0,1.0,0.0
forward,587,293.5,0.4262612437785265,0.0,0.0,1791.0,1.0,0.0
forward,588,294.0,0.4237911314961025,0.0,0.0,1712.0,1.0,0.0
forward,589,294.5,0.4237853110460037,0.0,0.0,1468.0,1.0,0.0
forward,590,295.0,0.42434108117828373,0.0,0.0,1401.0,1.0,0.0
forward,591,295.5,0.42353682454364616,0.0,0.0,1228.0,1.0,0.0
forward,592,296.0,0.4232412040387885,0.0,0.0,1117.0,1.0,0.0
forward,593,296.5,0.4235367244166355,0.0,0.0,994.0,1.0,0.0
forward,594,297.0,0.42297185629638534,0.0,0.0,830.0,1.0,0.0
forward,595,297.5,0.42365473908171225,0.0,0.0,750.0,1.0,0.0
forward,596,298.0,0.4262188348734526,0.0,0.0,720.0,1.0,0.0
forward,597,298.5,0.42161894201205996,0.0,0.0,463.0,1.0,0.0
forward,598,299.0,0.42917230088824,0.0,0.0,501.0,1.0,0.0
forward,599,299.5,0.43122268618537873,0.0,0.0,281.0,1.0,0.0
forward,600,300.0,0.42869591288990705,0.0,0.0,153.0,1.0,0.0
greedy,0,0.0,0.0,0.0,0.0,0.0,0.0,0.0
greedy,1,0.5,0.002530452251427784,0.0,0.0,0.0,0.0,0.0
greedy,2,1.0,0.0059749682477422406,0.0,0.0,2171.0,1.0,0.0
greedy,3,1.5,0.008585799864891053,0.0,0.0,2320.0,1.0,0.0
greedy,4,2.0,0.012102292634091016,0.0,0.0,2074.0,1.0,0.0
greedy,5,2.5,0.014119609855377746,0.0,0.0,2494.0,1.0,0.0
greedy,6,3.0,0.011361552025495091,-0.2617993877991494,0.2617993877991494,2446.0,1.0,0.0
greedy,7,3.5,0.016381893420802207,-0.2617993877991494,0.0,2053.0,1.0,0.0
greedy,8,4.0,0.0008987616091377526,-0.2617993877991494,0.0,1929.0,1.0,0.0
greedy,9,4.5,0.0034699890687726054,0.0,0.2617993877991494,2336.0,1.0,0.2617993877991494
greedy,10,5.0,0.0037435105302714433,0.0,0.0,2436.0,1.0,0.0
greedy,11,5.5,0.0003382370591156203,0.0,0.0,2053.0,1.0,0.0
greedy,12,6.0,0.001036399854768888,0.0,0.0,2105.0,1.0,0.0
greedy,13,6.5,0.002542366376637517,0.0,0.0,2318.0,1.0,0.0
greedy,14,7.0,0.004258750711477077,0.0,0.0,2387.0,1.0,0.0
greedy,15,7.5,0.008902675013951367,0.0,0.0,2526.0,1.0,0.0
greedy,16,8.0,0.00607674274813963,0.0,0.0,2223.0,1.0,0.0
greedy,17,8.5,0.0014755400794435047,0.0,0.0,2448.0,1.0,0.0
greedy,18,9.0,0.005738417944929353,0.0,0.0,2155.0,1.0,0.0
greedy,19,9.5,0.004963096745164819,0.0,0.0,2283.0,1.0,0.0
greedy,20,10.0,0.0019152079748909756,0.0,0.0,2048.0,1.0,0.0
greedy,21,10.5,0.0019830059373813214,0.0,0.0,2435.0,1.0,0.0
greedy,22,11.0,0.004130506223461339,0.0,0.0,2242.0,1.0,0.0
greedy,23,11.5,0.006363896530569235,0.0,0.0,2112.0,1.0,0.0
greedy,24,12.0,0.010238216318839477,0.0,0.0,2214.0,1.0,0.0
greedy,25,12.5,0.005592029777790941,0.0,0.0,2313.0,1.0,0.0
greedy,26,13.0,0.0063745166966562294,0.0,0.0,2117.0,1.0,0.0
greedy,27,13.5,0.011216473437393404,0.0,0.0,2532.0,1.0,0.0
greedy,28,14.0,0.015250854280436599,0.0,0.0,1962.0,1.0,0.0
greedy,29,14.5,0.022938963556720537,0.0,0.0,2039.0,1.0,0.0
greedy,30,15.0,0.010487751128005485,0.0,0.0,2231.0,1.0,0.0
greedy,31,15.5,0.008568914758534163,0.0,0.0,2360.0,1.0,0.0
greedy,32,16.0,0.004433874242684155,0.0,0.0,1951.0,1.0,0.0
greedy,33,16.5,0.012376826282412878,0.0,0.0,2267.0,1.0,0.0
greedy,34,17.0,0.022656359303212525,0.0,0.0,1962.0,1.0,0.0
greedy,35,17.5,0.025097098749490954,0.0,0.0,2045.0,1.0,0.0
greedy,36,18.0,0.02528228171492586,0.0,0.0,2088.0,1.0,0.0
greedy,37,18.5,0.025461173012981675,0.0,0.0,2253.0,1.0,0.0
greedy,38,19.0,0.017185887347427098,0.0,0.0,2186.0,1.0,0.0
greedy,39,19.5,0.007135382706241296,-0.39269908169872414,0.39269908169872414,2314.0,1.0,0.0
greedy,40,20.0,0.021447054053113975,-0.7853981633974483,0.39269908169872414,1056.0,1.0,0.0
greedy,41,20.5,0.016925678632435957,-0.5235987755982989,0.26179938779914935,1817.0,1.0,0.0
greedy,42,21.0,0.01510538771344467,-0.5235987755982989,0.0,1654.0,1.0,0.0
greedy,43,21.5,0.01692211230207633,-0.5235987755982989,0.0,1940.0,1.0,0.0
greedy,44,22.0,0.022264921877217833,-0.5235987755982989,0.0,1765.0,1.0,0.0
greedy,45,22.5,0.03309775964410349,-0.5235987755982989,0.0,1615.0,1.0,0.0
greedy,46,23.0,0.03722314381334537,-0.5235987755982989,0.0,1793.0,1.0,0.0
greedy,47,23.5,0.03539236334767896,-0.5235987755982989,0.0,1781.0,1.0,0.0
greedy,48,24.0,0.04252774351785227,-0.5235987755982989,0.0,1907.0,1.0,0.0
greedy,49,24.5,0.035997463639480774,-0.5235987755982989,0.0,2102.0,1.0,0.0
greedy,50,25.0,0.039425388298150246,-0.5235987755982989,0.0,1609.0,1.0,0.0
greedy,51,25.5,0.03719064952109245,-0.5235987755982989,0.0,1910.0,1.0,0.0
greedy,52,26.0,0.03926841122303561,-0.5235987755982989,0.0,1639.0,1.0,0.0
greedy,53,26.5,0.03110115093181566,-0.9162978572970231,0.39269908169872414,1060.0,1.0,0.0
greedy,54,27.0,0.044965805402797834,-0.5235987755982989,0.39269908169872414,1654.0,1.0,0.0
greedy,55,27.5,0.03377058531766074,-0.9162978572970231,0.39269908169872414,945.0,1.0,0.0
greedy,56,28.0,0.019220603081923755,-1.3089969389957472,0.39269908169872414,279.0,1.0,0.0
greedy,57,28.5,0.00646282450999606,-1.7016960206944713,0.39269908169872414,208.0,1.0,0.0
greedy,58,29.0,0.025733460312247002,-2.0943951023931957,0.39269908169872436,502.0,1.0,0.0
greedy,59,29.5,0.04490258595754448,-2.48709418409192,0.39269908169872414,1306.0,1.0,0.0
greedy,60,30.0,0.05082957498663075,-2.7488935718910694,0.2617993877991496,2256.0,1.0,0.0
greedy,61,30.5,0.04801957649048266,-2.7488935718910694,0.0,2038.0,1.0,0.0
greedy,62,31.0,0.053219925877968435,-2.7488935718910694,0.0,1836.0,1.0,0.0
greedy,63,31.5,0.04142737052522901,-2.3561944901923453,0.39269908169872414,1153.0,1.0,0.0
greedy,64,32.0,0.021450789962686123,-1.9634954084936211,0.39269908169872414,363.0,1.0,0.0
greedy,65,32.5,0.036472606894126985,-2.3561944901923453,0.39269908169872414,1118.0,1.0,0.0
greedy,66,33.0,0.014944685725350957,-1.9634954084936211,0.39269908169872414,326.0,1.0,0.0
greedy,67,33.5,0.03413495909533994,-2.3561944901923453,0.39269908169872414,1298.0,1.0,0.0
greedy,68,34.0,0.028896654593470968,-2.617993877991495,0.2617993877991496,2152.0,1.0,0.0
greedy,69,34.5,0.03701232384058007,-2.617993877991495,0.0,2102.0,1.0,0.0
greedy,70,35.0,0.042259433522060866,-2.617993877991495,0.0,2023.0,1.0,0.0
greedy,71,35.5,0.05300756258891261,-2.617993877991495,0.0,2058.0,1.0,0.0
greedy,72,36.0,0.0656615485898605,-2.617993877991495,0.0,1733.0,1.0,0.0
greedy,73,36.5,0.05239314564922956,-2.617993877991495,0.0,1900.0,1.0,0.0
greedy,74,37.0,0.05544980904740729,-2.617993877991495,0.0,1697.0,1.0,0.0
greedy,75,37.5,0.04235758088249126,-2.2252947962927707,0.39269908169872414,979.0,1.0,0.0
greedy,76,38.0,0.06167193250618279,-2.617993877991495,0.39269908169872414,2143.0,1.0,0.0
greedy,77,38.5,0.06097264588449337,-2.617993877991495,0.0,2061.0,1.0,0.0
greedy,78,39.0,0.06147334871836465,-2.8797932657906444,0.2617993877991496,2307.0,1.0,0.0
greedy,79,39.5,0.056398121118263374,-2.8797932657906444,0.0,2168.0,1.0,0.0
greedy,80,40.0,0.02915699605270688,-2.8797932657906444,0.0,2006.0,1.0,0.0
greedy,81,40.5,0.025671909368532322,-2.8797932657906444,0.0,2401.0,1.0,0.0
greedy,82,41.0,0.01919035003071231,-2.8797932657906444,0.0,2219.0,1.0,0.0
greedy,83,41.5,0.015607900405753234,-2.8797932657906444,0.0,2306.0,1.0,0.0
greedy,84,42.0,0.004941144871995449,-2.8797932657906444,0.0,2006.0,1.0,0.0
greedy,85,42.5,0.009851533247577359,-2.8797932657906444,0.0,2316.0,1.0,0.0
greedy,86,43.0,0.024962118360596405,-2.8797932657906444,0.0,1837.0,1.0,0.0
greedy,87,43.5,0.02364497673802182,-2.4870941840919203,0.39269908169872414,1682.0,1.0,0.0
greedy,88,44.0,0.03393865447477916,-2.74889357189107,0.2617993877991496,2394.0,1.0,0.0
greedy,89,44.5,0.02783194404287285,-3.0106929596902194,0.2617993877991496,2055.0,1.0,0.0
greedy,90,45.0,0.020918570060337965,-3.0106929596902194,0.0,2415.0,1.0,0.0
greedy,91,45.5,0.023587549396102733,-3.4033920413889436,0.39269908169872414,2334.0,1.0,0.0
greedy,92,46.0,0.027025382861949374,-3.4033920413889436,0.0,2120.0,1.0,0.0
greedy,93,46.5,0.021016349286337117,-3.4033920413889436,0.0,1949.0,1.0,0.0
greedy,94,47.0,0.01857465172741883,-3.665191429188093,0.2617993877991496,2121.0,1.0,0.0
greedy,95,47.5,0.02716517252772323,-3.4033920413889436,0.2617993877991496,2130.0,1.0,0.0
greedy,96,48.0,0.023263540923245216,-3.4033920413889436,0.0,2357.0,1.0,0.0
greedy,97,48.5,0.028852120167064208,-3.4033920413889436,0.0,2455.0,1.0,0.0
greedy,98,49.0,0.022307569380480886,-3.4033920413889436,0.0,2384.0,1.0,0.0
greedy,99,49.5,0.01958266697585877,-3.4033920413889436,0.0,2257.0,1.0,0.0
greedy,100,50.0,0.008156317734820317,-3.4033920413889436,0.0,2177.0,1.0,0.0
greedy,101,50.5,0.010084930138062746,-3.4033920413889436,0.0,2445.0,1.0,0.0
greedy,102,51.0,0.010471023555818911,-3.4033920413889436,0.0,2439.0,1.0,0.0
greedy,103,51.5,0.008810736778203314,-3.4033920413889436,0.0,2498.0,1.0,0.0
greedy,104,52.0,0.002502956952641987,-3.4033920413889436,0.0,2160.0,1.0,0.0
greedy,105,52.5,0.23944707048788746,-3.4033920413889436,0.0,1891.0,1.0,0.0
greedy,106,53.0,0.19566711932561007,-3.7960911230876677,0.39269908169872414,1502.0,1.0,0.0
greedy,107,53.5,0.24070481702195887,-3.4033920413889436,0.39269908169872414,2296.0,1.0,0.0
greedy,108,54.0,0.20989033817328945,-3.665191429188093,0.2617993877991496,2081.0,1.0,0.0
greedy,109,54.5,0.2471424058310455,-3.4033920413889436,0.2617993877991496,2462.0,1.0,0.0
greedy,110,55.0,0.24258885955362003,-3.4033920413889436,0.0,2082.0,1.0,0.0
greedy,111,55.5,0.2386019114599719,-3.4033920413889436,0.0,2246.0,1.0,0.0
greedy,112,56.0,0.23672871096661,-3.4033920413889436,0.0,2380.0,1.0,0.0
greedy,113,56.5,0.2375942186647157,-3.4033920413889436,0.0,2257.0,1.0,0.0
greedy,114,57.0,0.24520241760404268,-3.4033920413889436,0.0,2413.0,1.0,0.0
greedy,115,57.5,0.24846891318875544,-3.4033920413889436,0.0,1963.0,1.0,0.0
greedy,116,58.0,0.25529291719780567,-3.4033920413889436,0.0,2071.0,1.0,0.0
greedy,117,58.5,0.2648928231051399,-3.4033920413889436,0.0,1871.0,1.0,0.0
greedy,118,59.0,0.26345705860620816,-3.4033920413889436,0.0,2185.0,1.0,0.0
greedy,119,59.5,0.26916576103012385,-3.4033920413889436,0.0,2017.0,1.0,0.0
greedy,120,60.0,0.2733935682518466,-3.4033920413889436,0.0,2315.0,1.0,0.0
greedy,121,60.5,0.27981536844845256,-3.4033920413889436,0.0,1896.0,1.0,0.0
greedy,122,61.0,0.27661998175142144,-3.4033920413889436,0.0,2130.0,1.0,0.0
greedy,123,61.5,0.2651703632483753,-3.4033920413889436,0.0,1943.0,1.0,0.0
greedy,124,62.0,0.2645383443847281,-3.4033920413889436,0.0,2022.0,1.0,0.0
greedy,125,62.5,0.2677585575784959,-3.4033920413889436,0.0,2305.0,1.0,0.0
greedy,126,63.0,0.2802402664500537,-3.4033920413889436,0.0,2456.0,1.0,0.0
greedy,127,63.5,0.27648000145126084,-3.4033920413889436,0.0,2164.0,1.0,0.0
greedy,128,64.0,0.27498838578205753,-3.4033920413889436,0.0,1992.0,1.0,0.0
greedy,129,64.5,0.26053572103056494,-3.4033920413889436,0.0,2064.0,1.0,0.0
greedy,130,65.0,0.25812477988190086,-3.4033920413889436,0.0,1929.0,1.0,0.0
greedy,131,65.5,0.2555116103086863,-3.4033920413889436,0.0,2200.0,1.0,0.0
greedy,132,66.0,0.911775205055013,-3.4033920413889436,0.0,1922.0,1.0,0.0
greedy,133,66.5,0.7384148059961525,-3.7960911230876677,0.39269908169872414,1330.0,1.0,0.0
greedy,134,67.0,0.9065460867972396,-3.4033920413889436,0.39269908169872414,2109.0,1.0,0.0
greedy,135,67.5,0.9016525963324553,-3.4033920413889436,0.0,2427.0,1.0,0.0
greedy,136,68.0,0.9030493074144585,-3.4033920413889436,0.0,2259.0,1.0,0.0
greedy,137,68.5,0.9079393254604241,-3.4033920413889436,0.0,2054.0,1.0,0.0
greedy,138,69.0,0.9059080620165908,-3.4033920413889436,0.0,2177.0,1.0,0.0
greedy,139,69.5,0.8986863684626191,-3.4033920413889436,0.0,2204.0,1.0,0.0
greedy,140,70.0,0.8912167773184599,-3.4033920413889436,0.0,1971.0,1.0,0.0
greedy,141,70.5,0.8856895360045087,-3.4033920413889436,0.0,2312.0,1.0,0.0
greedy,142,71.0,0.8921625223161936,-3.4033920413889436,0.0,2397.0,1.0,0.0
greedy,143,71.5,0.8888577335139665,-3.4033920413889436,0.0,2486.0,1.0,0.0
greedy,144,72.0,0.8842796616361527,-3.4033920413889436,0.0,2282.0,1.0,0.0
greedy,145,72.5,0.8821214399436892,-3.4033920413889436,0.0,2108.0,1.0,0.0
greedy,146,73.0,0.8768983942679679,-3.4033920413889436,0.0,2134.0,1.0,0.0
greedy,147,73.5,0.8737837619119548,-3.4033920413889436,0.0,2110.0,1.0,0.0
greedy,148,74.0,0.8735614920849784,-3.4033920413889436,0.0,2495.0,1.0,0.0
greedy,149,74.5,0.8634978687849436,-3.4033920413889436,0.0,1883.0,1.0,0.0
greedy,150,75.0,0.8672354686038648,-3.4033920413889436,0.0,2088.0,1.0,0.0
greedy,151,75.5,0.8714412242475987,-3.4033920413889436,0.0,2256.0,1.0,0.0
greedy,152,76.0,0.8727436060633387,-3.4033920413889436,0.0,2140.0,1.0,0.0
greedy,153,76.5,0.8776091789321857,-3.4033920413889436,0.0,1990.0,1.0,0.0
greedy,154,77.0,0.869012265162979,-3.4033920413889436,0.0,2309.0,1.0,0.0
greedy,155,77.5,0.8595380510046519,-3.4033920413889436,0.0,2183.0,1.0,0.0
greedy,156,78.0,0.8594310724381348,-3.4033920413889436,0.0,2163.0,1.0,0.0
greedy,157,78.5,0.8604949552840914,-3.4033920413889436,0.0,2326.0,1.0,0.0
greedy,158,79.0,0.8551566361200756,-3.4033920413889436,0.0,1848.0,1.0,0.0
greedy,159,79.5,0.8432918897103319,-3.4033920413889436,0.0,2142.0,1.0,0.0
greedy,160,80.0,0.842608276482753,-3.4033920413889436,0.0,1866.0,1.0,0.0
greedy,161,80.5,0.832192785575697,-3.4033920413889436,0.0,2520.0,1.0,0.0
greedy,162,81.0,0.8277506525736289,-3.4033920413889436,0.0,1947.0,1.0,0.0
greedy,163,81.5,0.826323503366758,-3.4033920413889436,0.0,2399.0,1.0,0.0
greedy,164,82.0,0.8070303950237688,-3.4033920413889436,0.0,2433.0,1.0,0.0
greedy,165,82.5,0.8081492849081973,-3.4033920413889436,0.0,2463.0,1.0,0.0
greedy,166,83.0,0.8014917907896475,-3.4033920413889436,0.0,2379.0,1.0,0.0
greedy,167,83.5,0.8086326817506262,-3.4033920413889436,0.0,2450.0,1.0,0.0
greedy,168,84.0,0.8012807420539948,-3.4033920413889436,0.0,2391.0,1.0,0.0
greedy,169,84.5,0.7992051567436491,-3.4033920413889436,0.0,2143.0,1.0,0.0
greedy,170,85.0,0.8042152060059182,-3.4033920413889436,0.0,2151.0,1.0,0.0
greedy,171,85.5,0.8098110768527467,-3.4033920413889436,0.0,2099.0,1.0,0.0
greedy,172,86.0,0.8103636966858397,-3.4033920413889436,0.0,2058.0,1.0,0.0
greedy,173,86.5,0.8123544719006403,-3.4033920413889436,0.0,2004.0,1.0,0.0
greedy,174,87.0,0.8086799119502259,-3.4033920413889436,0.0,2106.0,1.0,0.0
greedy,175,87.5,0.8206926029367988,-3.4033920413889436,0.0,2471.0,1.0,0.0
greedy,176,88.0,0.8231998618518088,-3.4033920413889436,0.0,2003.0,1.0,0.0
greedy,177,88.5,0.8166210944198097,-3.4033920413889436,0.0,2056.0,1.0,0.0
greedy,178,89.0,0.8110059353240487,-3.4033920413889436,0.0,2386.0,1.0,0.0
greedy,179,89.5,1.5627033048950014,-3.4033920413889436,0.0,1867.0,1.0,0.0
greedy,180,90.0,1.2745165846014026,-3.7960911230876677,0.39269908169872414,1748.0,1.0,0.0
greedy,181,90.5,1.4908613316924124,-3.534291735288518,0.2617993877991496,2381.0,1.0,0.0
greedy,182,91.0,1.504342522749772,-3.534291735288518,0.0,2377.0,1.0,0.0
greedy,183,91.5,1.5004760155658836,-3.534291735288518,0.0,2449.0,1.0,0.0
greedy,184,92.0,1.5056875467818776,-3.534291735288518,0.0,2437.0,1.0,0.0
greedy,185,92.5,1.5145766355219799,-3.534291735288518,0.0,2104.0,1.0,0.0
greedy,186,93.0,1.5128520547052722,-3.534291735288518,0.0,2147.0,1.0,0.0
greedy,187,93.5,1.510572819525615,-3.534291735288518,0.0,2355.0,1.0,0.0
greedy,188,94.0,1.5068708802267576,-3.534291735288518,0.0,2186.0,1.0,0.0
greedy,189,94.5,1.506215208819235,-3.534291735288518,0.0,2286.0,1.0,0.0
greedy,190,95.0,1.5025468800279695,-3.534291735288518,0.0,2272.0,1.0,0.0
greedy,191,95.5,1.5061669979182202,-3.534291735288518,0.0,1936.0,1.0,0.0
greedy,192,96.0,1.505510767891235,-3.534291735288518,0.0,2003.0,1.0,0.0
greedy,193,96.5,1.4949880419429498,-3.534291735288518,0.0,2281.0,1.0,0.0
greedy,194,97.0,1.4942276307084523,-3.534291735288518,0.0,2264.0,1.0,0.0
greedy,195,97.5,1.5019576669983343,-3.534291735288518,0.0,2313.0,1.0,0.0
greedy,196,98.0,1.495635907648425,-3.534291735288518,0.0,2377.0,1.0,0.0
greedy,197,98.5,1.489165662348975,-3.534291735288518,0.0,2294.0,1.0,0.0
greedy,198,99.0,1.4882913867296288,-3.534291735288518,0.0,2041.0,1.0,0.0
greedy,199,99.5,1.4782412997890197,-3.534291735288518,0.0,2292.0,1.0,0.0
greedy,200,100.0,1.476005488454531,-3.534291735288518,0.0,2046.0,1.0,0.0
greedy,201,100.5,1.4633053900065542,-3.534291735288518,0.0,2256.0,1.0,0.0
greedy,202,101.0,1.4570935928678743,-3.534291735288518,0.0,2436.0,1.0,0.0
greedy,203,101.5,1.4604800416276724,-3.534291735288518,0.0,2115.0,1.0,0.0
greedy,204,102.0,1.4580147166379505,-3.534291735288518,0.0,2219.0,1.0,0.0
greedy,205,102.5,1.4616659775649647,-3.534291735288518,0.0,2231.0,1.0,0.0
greedy,206,103.0,1.4643434765764283,-3.534291735288518,0.0,2171.0,1.0,0.0
greedy,207,103.5,1.4603977881965824,-3.534291735288518,0.0,2301.0,1.0,0.0
greedy,208,104.0,1.466298025065048,-3.534291735288518,0.0,2351.0,1.0,0.0
greedy,209,104.5,1.4681155607217353,-3.534291735288518,0.0,2328.0,1.0,0.0
greedy,210,105.0,1.4697067859051351,-3.534291735288518,0.0,2163.0,1.0,0.0
greedy,211,105.5,1.4632224552180109,-3.534291735288518,0.0,2063.0,1.0,0.0
greedy,212,106.0,1.4697274076381288,-3.534291735288518,0.0,2025.0,1.0,0.0
greedy,213,106.5,1.4728884829097062,-3.534291735288518,0.0,2116.0,1.0,0.0
greedy,214,107.0,1.4646849844636527,-3.534291735288518,0.0,2441.0,1.0,0.0
greedy,215,107.5,1.4707671383650314,-3.534291735288518,0.0,1851.0,1.0,0.0
greedy,216,108.0,1.4824030490548536,-3.534291735288518,0.0,2353.0,1.0,0.0
greedy,217,108.5,1.4787478528130344,-3.534291735288518,0.0,2134.0,1.0,0.0
greedy,218,109.0,1.4846336470732397,-3.534291735288518,0.0,2586.0,1.0,0.0
greedy,219,109.5,1.488609044628847,-3.534291735288518,0.0,2388.0,1.0,0.0
greedy,220,110.0,1.4963683001311452,-3.534291735288518,0.0,2415.0,1.0,0.0
greedy,221,110.5,1.4930510704995361,-3.534291735288518,0.0,2094.0,1.0,0.0
greedy,222,111.0,1.4952295040763677,-3.534291735288518,0.0,1934.0,1.0,0.0
greedy,223,111.5,1.4964123961946851,-3.534291735288518,0.0,1787.0,1.0,0.0
greedy,224,112.0,1.5037917828120995,-3.534291735288518,0.0,2048.0,1.0,0.0
greedy,225,112.5,1.504258454867526,-3.534291735288518,0.0,2013.0,1.0,0.0
greedy,226,113.0,1.4989069498019811,-3.534291735288518,0.0,2071.0,1.0,0.0
greedy,227,113.5,1.5081208075442347,-3.534291735288518,0.0,2511.0,1.0,0.0
greedy,228,114.0,1.5119087355243024,-3.534291735288518,0.0,2192.0,1.0,0.0
greedy,229,114.5,1.5194694380420495,-3.534291735288518,0.0,2091.0,1.0,0.0
greedy,230,115.0,1.520038479008079,-3.534291735288518,0.0,2388.0,1.0,0.0
greedy,231,115.5,1.5154346473647704,-3.534291735288518,0.0,2385.0,1.0,0.0
greedy,232,116.0,2.1055448029564414,-3.534291735288518,0.0,2129.0,1.0,0.0
greedy,233,116.5,1.593277302699291,-3.9269908169872423,0.39269908169872414,1210.0,1.0,0.0
greedy,234,117.0,2.1149782272804276,-3.534291735288518,0.39269908169872414,2059.0,1.0,0.0
greedy,235,117.5,1.8018916179733202,-3.7960911230876677,0.2617993877991496,1636.0,1.0,0.0
greedy,236,118.0,2.129576190753686,-3.534291735288518,0.2617993877991496,2464.0,1.0,0.0
greedy,237,118.5,2.1329165284593428,-3.534291735288518,0.0,2272.0,1.0,0.0
greedy,238,119.0,2.142987775554195,-3.534291735288518,0.0,2321.0,1.0,0.0
greedy,239,119.5,2.146735712862321,-3.534291735288518,0.0,2099.0,1.0,0.0
greedy,240,120.0,2.872730152032066,-3.534291735288518,0.0,2074.0,1.0,0.0
greedy,241,120.5,2.1751000316154414,-3.9269908169872423,0.39269908169872414,1249.0,1.0,0.0
greedy,242,121.0,2.682958223417877,-3.6651914291880927,0.2617993877991496,1699.0,1.0,0.0
greedy,243,121.5,2.6781172643595847,-3.6651914291880927,0.0,1706.0,1.0,0.0
greedy,244,122.0,2.6837227644448736,-3.6651914291880927,0.0,1654.0,1.0,0.0
greedy,245,122.5,2.684633196823234,-3.6651914291880927,0.0,2032.0,1.0,0.0
greedy,246,123.0,2.6796632542178553,-3.6651914291880927,0.0,2038.0,1.0,0.0
greedy,247,123.5,2.6796330604964065,-3.6651914291880927,0.0,2040.0,1.0,0.0
greedy,248,124.0,2.6774968851604646,-3.6651914291880927,0.0,1981.0,1.0,0.0
greedy,249,124.5,3.3673447877338085,-3.6651914291880927,0.0,1690.0,1.0,0.0
greedy,250,125.0,2.335661121174623,-4.057890510886817,0.39269908169872414,896.0,1.0,0.0
greedy,251,125.5,3.0576137323832113,-3.7960911230876673,0.2617993877991496,1449.0,1.0,0.0
greedy,252,126.0,3.0547322811473383,-3.7960911230876673,0.0,1440.0,1.0,0.0
greedy,253,126.5,3.576647718379092,-3.5342917352885177,0.2617993877991496,2064.0,1.0,0.0
greedy,254,127.0,3.570281144397595,-3.5342917352885177,0.0,2195.0,1.0,0.0
greedy,255,127.5,3.570936327157193,-3.5342917352885177,0.0,1991.0,1.0,0.0
greedy,256,128.0,3.577453596832113,-3.5342917352885177,0.0,1900.0,1.0,0.0
greedy,257,128.5,3.5793918478139903,-3.5342917352885177,0.0,1980.0,1.0,0.0
greedy,258,129.0,3.570723285884652,-3.5342917352885177,0.0,1883.0,1.0,0.0
greedy,259,129.5,3.5733048790097133,-3.5342917352885177,0.0,2082.0,1.0,0.0
greedy,260,130.0,3.571309040774479,-3.5342917352885177,0.0,1908.0,1.0,0.0
greedy,261,130.5,3.5776576071419424,-3.5342917352885177,0.0,1907.0,1.0,0.0
greedy,262,131.0,3.581415945143423,-3.5342917352885177,0.0,1901.0,1.0,0.0
greedy,263,131.5,3.5731598083196476,-3.5342917352885177,0.0,1950.0,1.0,0.0
greedy,264,132.0,3.5790739041020014,-3.5342917352885177,0.0,1859.0,1.0,0.0
greedy,265,132.5,3.5846459576539584,-3.5342917352885177,0.0,1801.0,1.0,0.0
greedy,266,133.0,3.5750966985953947,-3.5342917352885177,0.0,2008.0,1.0,0.0
greedy,267,133.5,3.5803815222976847,-3.5342917352885177,0.0,1823.0,1.0,0.0
greedy,268,134.0,3.588335489396568,-3.5342917352885177,0.0,1860.0,1.0,0.0
greedy,269,134.5,3.6000023333048254,-3.5342917352885177,0.0,1806.0,1.0,0.0
greedy,270,135.0,3.5960375411036636,-3.5342917352885177,0.0,1817.0,1.0,0.0
greedy,271,135.5,3.584989748542315,-3.5342917352885177,0.0,1799.0,1.0,0.0
greedy,272,136.0,3.582529278060912,-3.5342917352885177,0.0,1828.0,1.0,0.0
greedy,273,136.5,3.587512292763469,-3.5342917352885177,0.0,1882.0,1.0,0.0
greedy,274,137.0,3.578293119348652,-3.5342917352885177,0.0,1776.0,1.0,0.0
greedy,275,137.5,3.5913675546537442,-3.5342917352885177,0.0,1806.0,1.0,0.0
greedy,276,138.0,3.5942662996242523,-3.5342917352885177,0.0,1914.0,1.0,0.0
greedy,277,138.5,3.595536662862802,-3.5342917352885177,0.0,1817.0,1.0,0.0
greedy,278,139.0,3.59997812475189,-3.5342917352885177,0.0,1777.0,1.0,0.0
greedy,279,139.5,3.5996104183827717,-3.5342917352885177,0.0,1808.0,1.0,0.0
greedy,280,140.0,3.599954023386831,-3.5342917352885177,0.0,1777.0,1.0,0.0
greedy,281,140.5,3.6042325871794154,-3.5342917352885177,0.0,1819.0,1.0,0.0
greedy,282,141.0,3.5966259985915148,-3.5342917352885177,0.0,1783.0,1.0,0.0
greedy,283,141.5,3.594015344179198,-3.5342917352885177,0.0,1798.0,1.0,0.0
greedy,284,142.0,3.5957796877725934,-3.5342917352885177,0.0,1839.0,1.0,0.0
greedy,285,142.5,3.5776413592233225,-3.5342917352885177,0.0,1830.0,1.0,0.0
greedy,286,143.0,3.578130938121351,-3.5342917352885177,0.0,1903.0,1.0,0.0
greedy,287,143.5,3.5702481632032845,-3.5342917352885177,0.0,1794.0,1.0,0.0
greedy,288,144.0,3.5674625059086935,-3.5342917352885177,0.0,1772.0,1.0,0.0
greedy,289,144.5,3.566060753067454,-3.5342917352885177,0.0,1779.0,1.0,0.0
greedy,290,145.0,3.5734653645982783,-3.5342917352885177,0.0,1774.0,1.0,0.0
greedy,291,145.5,3.576385170865512,-3.5342917352885177,0.0,1793.0,1.0,0.0
greedy,292,146.0,3.575331988593755,-3.5342917352885177,0.0,1779.0,1.0,0.0
greedy,293,146.5,3.5859103316996546,-3.5342917352885177,0.0,1801.0,1.0,0.0
greedy,294,147.0,3.5932967828427884,-3.5342917352885177,0.0,1778.0,1.0,0.0
greedy,295,147.5,3.5920389097395993,-3.5342917352885177,0.0,1797.0,1.0,0.0
greedy,296,148.0,3.5946765291836607,-3.5342917352885177,0.0,1783.0,1.0,0.0
greedy,297,148.5,3.5932357593450277,-3.5342917352885177,0.0,1808.0,1.0,0.0
greedy,298,149.0,3.6016870895518576,-3.5342917352885177,0.0,1784.0,1.0,0.0
greedy,299,149.5,3.591553568388595,-3.5342917352885177,0.0,1806.0,1.0,0.0
greedy,300,150.0,3.5970392153426016,-3.5342917352885177,0.0,1782.0,1.0,0.0
greedy,301,150.5,3.597693335896267,-3.5342917352885177,0.0,1808.0,1.0,0.0
greedy,302,151.0,3.6088007272874,-3.5342917352885177,0.0,1767.0,1.0,0.0
greedy,303,151.5,3.606650419070759,-3.5342917352885177,0.0,1826.0,1.0,0.0
greedy,304,152.0,3.611955508498986,-3.5342917352885177,0.0,1784.0,1.0,0.0
greedy,305,152.5,3.6165000321339327,-3.5342917352885177,0.0,1803.0,1.0,0.0
greedy,306,153.0,3.6202808374134023,-3.5342917352885177,0.0,1797.0,1.0,0.0
greedy,307,153.5,3.6093777003523324,-3.5342917352885177,0.0,1826.0,1.0,0.0
greedy,308,154.0,3.6073344255762,-3.5342917352885177,0.0,1819.0,1.0,0.0
greedy,309,154.5,3.6085937469521956,-3.5342917352885177,0.0,1806.0,1.0,0.0
greedy,310,155.0,4.213223902300269,-3.5342917352885177,0.0,1787.0,1.0,0.0
greedy,311,155.5,3.2127295244452965,-3.926990816987242,0.39269908169872414,1124.0,1.0,0.0
greedy,312,156.0,4.209559223109509,-3.5342917352885177,0.39269908169872414,1827.0,1.0,0.0
greedy,313,156.5,3.5960491022351486,-3.7960911230876673,0.2617993877991496,1276.0,1.0,0.0
greedy,314,157.0,4.1930148961972415,-3.5342917352885177,0.2617993877991496,1810.0,1.0,0.0
greedy,315,157.5,4.19238895890449,-3.5342917352885177,0.0,1864.0,1.0,0.0
greedy,316,158.0,4.182151563167787,-3.5342917352885177,0.0,1847.0,1.0,0.0
greedy,317,158.5,4.181002190154896,-3.5342917352885177,0.0,1963.0,1.0,0.0
greedy,318,159.0,4.919268114230711,-3.5342917352885177,0.0,1864.0,1.0,0.0
greedy,319,159.5,3.7529868357841236,-3.926990816987242,0.39269908169872414,1160.0,1.0,0.0
greedy,320,160.0,4.595825158754794,-3.6651914291880923,0.2617993877991496,1825.0,1.0,0.0
greedy,321,160.5,4.602029610896247,-3.6651914291880923,0.0,1889.0,1.0,0.0
greedy,322,161.0,4.605642713360072,-3.6651914291880923,0.0,1857.0,1.0,0.0
greedy,323,161.5,4.595380895053109,-3.6651914291880923,0.0,1893.0,1.0,0.0
greedy,324,162.0,4.58418753354054,-3.6651914291880923,0.0,1794.0,1.0,0.0
greedy,325,162.5,4.5691271929264605,-3.6651914291880923,0.0,1741.0,1.0,0.0
greedy,326,163.0,4.573221281993926,-3.6651914291880923,0.0,1746.0,1.0,0.0
greedy,327,163.5,4.565788398674644,-3.6651914291880923,0.0,1686.0,1.0,0.0
greedy,328,164.0,4.558150385096001,-3.6651914291880923,0.0,1698.0,1.0,0.0
greedy,329,164.5,4.554047772383455,-3.6651914291880923,0.0,1708.0,1.0,0.0
greedy,330,165.0,4.54742786881734,-3.6651914291880923,0.0,1656.0,1.0,0.0
greedy,331,165.5,4.5459186479402245,-3.6651914291880923,0.0,1708.0,1.0,0.0
greedy,332,166.0,4.5489632947460015,-3.6651914291880923,0.0,1618.0,1.0,0.0
greedy,333,166.5,4.5394785622804354,-3.6651914291880923,0.0,1628.0,1.0,0.0
greedy,334,167.0,4.529830154026668,-3.6651914291880923,0.0,1662.0,1.0,0.0
greedy,335,167.5,4.523269887954898,-3.6651914291880923,0.0,1620.0,1.0,0.0
greedy,336,168.0,4.519488734114001,-3.6651914291880923,0.0,1637.0,1.0,0.0
greedy,337,168.5,4.51636474360854,-3.6651914291880923,0.0,1601.0,1.0,0.0
greedy,338,169.0,4.526920203276976,-3.6651914291880923,0.0,1640.0,1.0,0.0
greedy,339,169.5,4.530581347297235,-3.6651914291880923,0.0,1621.0,1.0,0.0
greedy,340,170.0,4.526299757313519,-3.6651914291880923,0.0,1647.0,1.0,0.0
greedy,341,170.5,4.523883594577274,-3.6651914291880923,0.0,1605.0,1.0,0.0
greedy,342,171.0,4.5294095186960135,-3.6651914291880923,0.0,1625.0,1.0,0.0
greedy,343,171.5,4.5281373047057665,-3.6651914291880923,0.0,1615.0,1.0,0.0
greedy,344,172.0,4.526954616437118,-3.6651914291880923,0.0,1638.0,1.0,0.0
greedy,345,172.5,4.520719461523555,-3.6651914291880923,0.0,1616.0,1.0,0.0
greedy,346,173.0,4.511343299687175,-3.6651914291880923,0.0,1655.0,1.0,0.0
greedy,347,173.5,4.506694673294408,-3.6651914291880923,0.0,1604.0,1.0,0.0
greedy,348,174.0,4.51892760107678,-3.6651914291880923,0.0,1645.0,1.0,0.0
greedy,349,174.5,4.514686928813775,-3.6651914291880923,0.0,1628.0,1.0,0.0
greedy,350,175.0,4.501617862621083,-3.6651914291880923,0.0,1642.0,1.0,0.0
greedy,351,175.5,4.514440694510183,-3.6651914291880923,0.0,1616.0,1.0,0.0
greedy,352,176.0,4.509296655203186,-3.6651914291880923,0.0,1646.0,1.0,0.0
greedy,353,176.5,4.501337853862519,-3.6651914291880923,0.0,1601.0,1.0,0.0
greedy,354,177.0,4.500530910712549,-3.6651914291880923,0.0,1633.0,1.0,0.0
greedy,355,177.5,4.492038345854355,-3.6651914291880923,0.0,1626.0,1.0,0.0
greedy,356,178.0,4.493114560536887,-3.6651914291880923,0.0,1681.0,1.0,0.0
greedy,357,178.5,4.483097595678817,-3.6651914291880923,0.0,1622.0,1.0,0.0
greedy,358,179.0,4.480571496582143,-3.6651914291880923,0.0,1694.0,1.0,0.0
greedy,359,179.5,4.485369758068236,-3.6651914291880923,0.0,1671.0,1.0,0.0
greedy,360,180.0,4.494873699094287,-3.6651914291880923,0.0,1781.0,1.0,0.0
greedy,361,180.5,4.499177249675291,-3.6651914291880923,0.0,1741.0,1.0,0.0
greedy,362,181.0,4.505758515993074,-3.6651914291880923,0.0,1812.0,1.0,0.0
greedy,363,181.5,4.50404454144945,-3.6651914291880923,0.0,1771.0,1.0,0.0
greedy,364,182.0,4.511600839420453,-3.6651914291880923,0.0,1812.0,1.0,0.0
greedy,365,182.5,4.504175414726485,-3.6651914291880923,0.0,1783.0,1.0,0.0
greedy,366,183.0,4.502155599486837,-3.6651914291880923,0.0,1790.0,1.0,0.0
greedy,367,183.5,4.492991022819961,-3.6651914291880923,0.0,1695.0,1.0,0.0
greedy,368,184.0,4.498314453038269,-3.6651914291880923,0.0,1669.0,1.0,0.0
greedy,369,184.5,4.504533648692998,-3.6651914291880923,0.0,1661.0,1.0,0.0
greedy,370,185.0,4.504074618712689,-3.6651914291880923,0.0,1726.0,1.0,0.0
greedy,371,185.5,4.491498960809358,-3.6651914291880923,0.0,1649.0,1.0,0.0
greedy,372,186.0,4.490851721852636,-3.6651914291880923,0.0,1651.0,1.0,0.0
greedy,373,186.5,4.4906015298280275,-3.6651914291880923,0.0,1620.0,1.0,0.0
greedy,374,187.0,4.503625204883776,-3.6651914291880923,0.0,1645.0,1.0,0.0
greedy,375,187.5,4.505185192863778,-3.6651914291880923,0.0,1614.0,1.0,0.0
greedy,376,188.0,4.510677195259847,-3.6651914291880923,0.0,1637.0,1.0,0.0
greedy,377,188.5,4.507873812160535,-3.6651914291880923,0.0,1618.0,1.0,0.0
greedy,378,189.0,4.509797193072035,-3.6651914291880923,0.0,1650.0,1.0,0.0
greedy,379,189.5,4.501968479866501,-3.6651914291880923,0.0,1618.0,1.0,0.0
greedy,380,190.0,4.497445885040872,-3.6651914291880923,0.0,1632.0,1.0,0.0
greedy,381,190.5,4.487783208064897,-3.6651914291880923,0.0,1599.0,1.0,0.0
greedy,382,191.0,4.477413528558246,-3.6651914291880923,0.0,1630.0,1.0,0.0
greedy,383,191.5,4.4843243530968655,-3.6651914291880923,0.0,1599.0,1.0,0.0
greedy,384,192.0,4.48256976302026,-3.6651914291880923,0.0,1628.0,1.0,0.0
greedy,385,192.5,4.485852785295809,-3.6651914291880923,0.0,1603.0,1.0,0.0
greedy,386,193.0,4.480766806650187,-3.6651914291880923,0.0,1632.0,1.0,0.0
greedy,387,193.5,4.4738759878247665,-3.6651914291880923,0.0,1595.0,1.0,0.0
greedy,388,194.0,4.461460588610985,-3.6651914291880923,0.0,1642.0,1.0,0.0
greedy,389,194.5,4.457690274039236,-3.6651914291880923,0.0,1643.0,1.0,0.0
greedy,390,195.0,4.457003364663662,-3.6651914291880923,0.0,1640.0,1.0,0.0
greedy,391,195.5,4.467680258306587,-3.6651914291880923,0.0,1631.0,1.0,0.0
greedy,392,196.0,4.466308661469163,-3.6651914291880923,0.0,1703.0,1.0,0.0
greedy,393,196.5,4.4625526282088686,-3.6651914291880923,0.0,1663.0,1.0,0.0
greedy,394,197.0,4.458477607382571,-3.6651914291880923,0.0,1779.0,1.0,0.0
greedy,395,197.5,4.464613154918929,-3.6651914291880923,0.0,1770.0,1.0,0.0
greedy,396,198.0,4.457504579279973,-3.6651914291880923,0.0,1763.0,1.0,0.0
greedy,397,198.5,4.462648624324878,-3.6651914291880923,0.0,1736.0,1.0,0.0
greedy,398,199.0,4.44959243071943,-3.6651914291880923,0.0,1737.0,1.0,0.0
greedy,399,199.5,4.447834926792142,-3.6651914291880923,0.0,1750.0,1.0,0.0
greedy,400,200.0,4.448486737760409,-3.6651914291880923,0.0,1695.0,1.0,0.0
greedy,401,200.5,4.442243839800227,-3.6651914291880923,0.0,1753.0,1.0,0.0
greedy,402,201.0,4.433070465957417,-3.6651914291880923,0.0,1675.0,1.0,0.0
greedy,403,201.5,4.429609998516342,-3.6651914291880923,0.0,1673.0,1.0,0.0
greedy,404,202.0,4.433616870692078,-3.6651914291880923,0.0,1649.0,1.0,0.0
greedy,405,202.5,4.428710962174386,-3.6651914291880923,0.0,1651.0,1.0,0.0
greedy,406,203.0,4.430418667164306,-3.6651914291880923,0.0,1700.0,1.0,0.0
greedy,407,203.5,4.43794665254502,-3.6651914291880923,0.0,1637.0,1.0,0.0
greedy,408,204.0,4.444374102145685,-3.6651914291880923,0.0,1634.0,1.0,0.0
greedy,409,204.5,4.438092110322273,-3.6651914291880923,0.0,1625.0,1.0,0.0
greedy,410,205.0,4.435141555828947,-3.6651914291880923,0.0,1631.0,1.0,0.0
greedy,411,205.5,4.434333427079987,-3.6651914291880923,0.0,1655.0,1.0,0.0
greedy,412,206.0,4.430718054517482,-3.6651914291880923,0.0,1656.0,1.0,0.0
greedy,413,206.5,4.42972182877139,-3.6651914291880923,0.0,1696.0,1.0,0.0
greedy,414,207.0,4.430276516176649,-3.6651914291880923,0.0,1634.0,1.0,0.0
greedy,415,207.5,4.4322048427853815,-3.6651914291880923,0.0,1638.0,1.0,0.0
greedy,416,208.0,4.42558539882866,-3.6651914291880923,0.0,1631.0,1.0,0.0
greedy,417,208.5,4.414157363060544,-3.6651914291880923,0.0,1656.0,1.0,0.0
greedy,418,209.0,4.412271500842385,-3.6651914291880923,0.0,1660.0,1.0,0.0
greedy,419,209.5,4.418921267829009,-3.6651914291880923,0.0,1684.0,1.0,0.0
greedy,420,210.0,4.420872543044731,-3.6651914291880923,0.0,1690.0,1.0,0.0
greedy,421,210.5,4.417372443680727,-3.6651914291880923,0.0,1760.0,1.0,0.0
greedy,422,211.0,4.420470715089959,-3.6651914291880923,0.0,1766.0,1.0,0.0
greedy,423,211.5,4.414923946212289,-3.6651914291880923,0.0,1831.0,1.0,0.0
greedy,424,212.0,4.411482323686771,-3.6651914291880923,0.0,1806.0,1.0,0.0
greedy,425,212.5,4.416467770677562,-3.6651914291880923,0.0,1790.0,1.0,0.0
greedy,426,213.0,4.4130507231196185,-3.6651914291880923,0.0,1775.0,1.0,0.0
greedy,427,213.5,4.427685695322695,-3.6651914291880923,0.0,1778.0,1.0,0.0
greedy,428,214.0,4.420256455791242,-3.6651914291880923,0.0,1770.0,1.0,0.0
greedy,429,214.5,4.42140024897811,-3.6651914291880923,0.0,1728.0,1.0,0.0
greedy,430,215.0,4.429647296983602,-3.6651914291880923,0.0,1722.0,1.0,0.0
greedy,431,215.5,4.428000012739406,-3.6651914291880923,0.0,1713.0,1.0,0.0
greedy,432,216.0,4.422161749700686,-3.6651914291880923,0.0,1705.0,1.0,0.0
greedy,433,216.5,4.429166669611127,-3.6651914291880923,0.0,1701.0,1.0,0.0
greedy,434,217.0,4.43327653473774,-3.6651914291880923,0.0,1706.0,1.0,0.0
greedy,435,217.5,4.437635898065366,-3.6651914291880923,0.0,1666.0,1.0,0.0
greedy,436,218.0,4.440282947634893,-3.6651914291880923,0.0,1686.0,1.0,0.0
greedy,437,218.5,4.431683468270983,-3.6651914291880923,0.0,1647.0,1.0,0.0
greedy,438,219.0,4.43433874047721,-3.6651914291880923,0.0,1656.0,1.0,0.0
greedy,439,219.5,5.137775240417777,-3.6651914291880923,0.0,1673.0,1.0,0.0
greedy,440,220.0,3.574126933876261,-4.057890510886816,0.3926990816987237,874.0,1.0,0.0
greedy,441,220.5,4.6871066400731936,-3.7960911230876664,0.2617993877991496,1273.0,1.0,0.0
greedy,442,221.0,4.689051095989238,-3.7960911230876664,0.0,1331.0,1.0,0.0
greedy,443,221.5,5.48276138400777,-3.534291735288517,0.2617993877991496,1848.0,1.0,0.0
greedy,444,222.0,5.470437460553244,-3.534291735288517,0.0,1855.0,1.0,0.0
greedy,445,222.5,5.46474336599535,-3.534291735288517,0.0,1968.0,1.0,0.0
greedy,446,223.0,6.0594597219328925,-3.534291735288517,0.0,1995.0,1.0,0.0
greedy,447,223.5,4.607393113522979,-3.926990816987241,0.39269908169872414,1132.0,1.0,0.0
greedy,448,224.0,6.060272815753816,-3.534291735288517,0.39269908169872414,1938.0,1.0,0.0
greedy,449,224.5,6.780254396314304,-3.534291735288517,0.0,2043.0,1.0,0.0
greedy,450,225.0,5.156479119180106,-3.926990816987241,0.39269908169872414,1172.0,1.0,0.0
greedy,451,225.5,6.33798553293122,-3.6651914291880914,0.2617993877991496,1754.0,1.0,0.0
greedy,452,226.0,6.325498065416844,-3.6651914291880914,0.0,1780.0,1.0,0.0
greedy,453,226.5,7.996094799826177,-3.403392041388942,0.2617993877991496,2120.0,1.0,0.0
greedy,454,227.0,6.52884967047153,-3.796091123087666,0.39269908169872414,1374.0,1.0,0.0
greedy,455,227.5,6.521555137117991,-3.796091123087666,0.0,1417.0,1.0,0.0
greedy,456,228.0,7.615585535570409,-3.5342917352885164,0.2617993877991496,1926.0,1.0,0.0
greedy,457,228.5,7.611154014096072,-3.5342917352885164,0.0,1949.0,1.0,0.0
greedy,458,229.0,7.614638085429293,-3.5342917352885164,0.0,1909.0,1.0,0.0
greedy,459,229.5,7.610911859353754,-3.5342917352885164,0.0,1941.0,1.0,0.0
greedy,460,230.0,7.608425562026912,-3.5342917352885164,0.0,1893.0,1.0,0.0
greedy,461,230.5,7.609745775409222,-3.5342917352885164,0.0,1889.0,1.0,0.0
greedy,462,231.0,7.605385135938805,-3.5342917352885164,0.0,1847.0,1.0,0.0
greedy,463,231.5,7.608746614444898,-3.5342917352885164,0.0,1870.0,1.0,0.0
greedy,464,232.0,7.600497192495304,-3.5342917352885164,0.0,1846.0,1.0,0.0
greedy,465,232.5,7.612638209873771,-3.5342917352885164,0.0,1839.0,1.0,0.0
greedy,466,233.0,7.611229875140347,-3.5342917352885164,0.0,1823.0,1.0,0.0
greedy,467,233.5,7.604198564931555,-3.5342917352885164,0.0,1839.0,1.0,0.0
greedy,468,234.0,7.603092114082179,-3.5342917352885164,0.0,1842.0,1.0,0.0
greedy,469,234.5,7.597276867771801,-3.5342917352885164,0.0,1851.0,1.0,0.0
greedy,470,235.0,7.596351246496709,-3.5342917352885164,0.0,1842.0,1.0,0.0
greedy,471,235.5,7.593384618284825,-3.5342917352885164,0.0,1878.0,1.0,0.0
greedy,472,236.0,8.163616421806207,-3.5342917352885164,0.0,1897.0,1.0,0.0
greedy,473,236.5,6.209645515285322,-3.9269908169872405,0.39269908169872414,1135.0,1.0,0.0
greedy,474,237.0,8.744083376245419,-3.5342917352885164,0.39269908169872414,1869.0,1.0,0.0
greedy,475,237.5,6.938495707346736,-3.9269908169872405,0.39269908169872414,1121.0,1.0,0.0
greedy,476,238.0,3.7096503161484877,-4.319689898685965,0.3926990816987246,396.0,1.0,0.0
greedy,477,238.5,6.940119901554221,-3.926990816987241,0.39269908169872414,1153.0,1.0,0.0
greedy,478,239.0,8.530464133569252,-3.6651914291880914,0.2617993877991496,1731.0,1.0,0.0
greedy,479,239.5,8.526475887157186,-3.6651914291880914,0.0,1778.0,1.0,0.0
greedy,480,240.0,8.53148896819643,-3.6651914291880914,0.0,1732.0,1.0,0.0
greedy,481,240.5,8.534687455143265,-3.6651914291880914,0.0,1790.0,1.0,0.0
greedy,482,241.0,8.52811076974077,-3.6651914291880914,0.0,1747.0,1.0,0.0
greedy,483,241.5,8.520900664185893,-3.6651914291880914,0.0,1776.0,1.0,0.0
greedy,484,242.0,8.522367579007303,-3.6651914291880914,0.0,1733.0,1.0,0.0
greedy,485,242.5,8.525626625318397,-3.6651914291880914,0.0,1754.0,1.0,0.0
greedy,486,243.0,8.526887468665993,-3.6651914291880914,0.0,1703.0,1.0,0.0
greedy,487,243.5,8.52671645848409,-3.6651914291880914,0.0,1675.0,1.0,0.0
greedy,488,244.0,8.53135039798889,-3.6651914291880914,0.0,1634.0,1.0,0.0
greedy,489,244.5,8.52124096269998,-3.6651914291880914,0.0,1672.0,1.0,0.0
greedy,490,245.0,8.52217111433865,-3.6651914291880914,0.0,1634.0,1.0,0.0
greedy,491,245.5,8.512147465776494,-3.6651914291880914,0.0,1653.0,1.0,0.0
greedy,492,246.0,8.517357373875402,-3.6651914291880914,0.0,1632.0,1.0,0.0
greedy,493,246.5,8.521429760983082,-3.6651914291880914,0.0,1674.0,1.0,0.0
greedy,494,247.0,8.524505620326531,-3.6651914291880914,0.0,1631.0,1.0,0.0
greedy,495,247.5,8.534429265786592,-3.6651914291880914,0.0,1684.0,1.0,0.0
greedy,496,248.0,8.54031583639272,-3.6651914291880914,0.0,1672.0,1.0,0.0
greedy,497,248.5,8.53739828305135,-3.6651914291880914,0.0,1722.0,1.0,0.0
greedy,498,249.0,8.54459789953894,-3.6651914291880914,0.0,1700.0,1.0,0.0
greedy,499,249.5,8.549357547376049,-3.6651914291880914,0.0,1738.0,1.0,0.0
greedy,500,250.0,8.535904733783195,-3.6651914291880914,0.0,1719.0,1.0,0.0
greedy,501,250.5,8.529780288325702,-3.6651914291880914,0.0,1765.0,1.0,0.0
greedy,502,251.0,8.53645751455797,-3.6651914291880914,0.0,1734.0,1.0,0.0
greedy,503,251.5,8.533164537741804,-3.6651914291880914,0.0,1765.0,1.0,0.0
greedy,504,252.0,8.54475083371222,-3.6651914291880914,0.0,1736.0,1.0,0.0
greedy,505,252.5,8.550957615589384,-3.6651914291880914,0.0,1751.0,1.0,0.0
greedy,506,253.0,8.550205483273146,-3.6651914291880914,0.0,1723.0,1.0,0.0
greedy,507,253.5,8.55498195310026,-3.6651914291880914,0.0,1723.0,1.0,0.0
greedy,508,254.0,8.549140453847405,-3.6651914291880914,0.0,1676.0,1.0,0.0
greedy,509,254.5,8.5465511569509,-3.6651914291880914,0.0,1681.0,1.0,0.0
greedy,510,255.0,8.54212890932723,-3.6651914291880914,0.0,1658.0,1.0,0.0
greedy,511,255.5,8.541059702631928,-3.6651914291880914,0.0,1699.0,1.0,0.0
greedy,512,256.0,8.5401848738721,-3.6651914291880914,0.0,1633.0,1.0,0.0
greedy,513,256.5,8.547894397868175,-3.6651914291880914,0.0,1669.0,1.0,0.0
greedy,514,257.0,8.550901647768974,-3.6651914291880914,0.0,1656.0,1.0,0.0
greedy,515,257.5,8.53495635470186,-3.6651914291880914,0.0,1673.0,1.0,0.0
greedy,516,258.0,8.527693373678702,-3.6651914291880914,0.0,1654.0,1.0,0.0
greedy,517,258.5,8.524151598982478,-3.6651914291880914,0.0,1691.0,1.0,0.0
greedy,518,259.0,9.235185122696187,-3.6651914291880914,0.0,1679.0,1.0,0.0
greedy,519,259.5,6.457481216248589,-4.057890510886816,0.3926990816987246,904.0,1.0,0.0
greedy,520,260.0,8.448814218531973,-3.7960911230876664,0.2617993877991496,1355.0,1.0,0.0
greedy,521,260.5,8.443586203335176,-3.7960911230876664,0.0,1356.0,1.0,0.0
greedy,522,261.0,9.85708271089579,-3.534291735288517,0.2617993877991496,1892.0,1.0,0.0
greedy,523,261.5,9.856040070301699,-3.534291735288517,0.0,1917.0,1.0,0.0
greedy,524,262.0,10.578176745803088,-3.534291735288517,0.0,1937.0,1.0,0.0
greedy,525,262.5,8.069499333135889,-3.926990816987241,0.39269908169872414,1144.0,1.0,0.0
greedy,526,263.0,10.58815755305637,-3.534291735288517,0.39269908169872414,1992.0,1.0,0.0
greedy,527,263.5,10.588895267041805,-3.534291735288517,0.0,1936.0,1.0,0.0
greedy,528,264.0,10.595029821812378,-3.534291735288517,0.0,1973.0,1.0,0.0
greedy,529,264.5,10.592649927317446,-3.534291735288517,0.0,1968.0,1.0,0.0
greedy,530,265.0,11.200851685585606,-3.534291735288517,0.0,1926.0,1.0,0.0
greedy,531,265.5,8.539966557243767,-3.926990816987241,0.39269908169872414,1109.0,1.0,0.0
greedy,532,266.0,11.206557136524248,-3.534291735288517,0.39269908169872414,1874.0,1.0,0.0
greedy,533,266.5,11.213383894901991,-3.534291735288517,0.0,1926.0,1.0,0.0
greedy,534,267.0,11.211971853037497,-3.534291735288517,0.0,1914.0,1.0,0.0
greedy,535,267.5,11.93330706747533,-3.534291735288517,0.0,1830.0,1.0,0.0
greedy,536,268.0,9.104347202573253,-3.926990816987241,0.39269908169872414,1111.0,1.0,0.0
greedy,537,268.5,11.17672236487805,-3.6651914291880914,0.2617993877991496,1679.0,1.0,0.0
greedy,538,269.0,11.180312434868307,-3.6651914291880914,0.0,1671.0,1.0,0.0
greedy,539,269.5,13.383632904475729,-3.403392041388942,0.2617993877991496,1992.0,1.0,0.0
greedy,540,270.0,10.958840598547836,-3.796091123087666,0.39269908169872414,1278.0,1.0,0.0
greedy,541,270.5,12.787286116861763,-3.5342917352885164,0.2617993877991496,1916.0,1.0,0.0
greedy,542,271.0,12.794054100171307,-3.5342917352885164,0.0,1860.0,1.0,0.0
greedy,543,271.5,12.79675508261925,-3.5342917352885164,0.0,1885.0,1.0,0.0
greedy,544,272.0,12.787115352387401,-3.5342917352885164,0.0,1890.0,1.0,0.0
greedy,545,272.5,13.52781349200881,-3.5342917352885164,0.0,2008.0,1.0,0.0
greedy,546,273.0,10.326679859645552,-3.9269908169872405,0.39269908169872414,1135.0,1.0,0.0
greedy,547,273.5,12.664460922849209,-3.665191429188091,0.2617993877991496,1742.0,1.0,0.0
greedy,548,274.0,12.66356565216929,-3.665191429188091,0.0,1739.0,1.0,0.0
greedy,549,274.5,12.660738184120463,-3.665191429188091,0.0,1750.0,1.0,0.0
greedy,550,275.0,12.661749566737884,-3.665191429188091,0.0,1753.0,1.0,0.0
greedy,551,275.5,12.65647858979962,-3.665191429188091,0.0,1796.0,1.0,0.0
greedy,552,276.0,12.65875459782431,-3.665191429188091,0.0,1745.0,1.0,0.0
greedy,553,276.5,12.652700880975022,-3.665191429188091,0.0,1722.0,1.0,0.0
greedy,554,277.0,12.663699041391402,-3.665191429188091,0.0,1696.0,1.0,0.0
greedy,555,277.5,12.65026730698872,-3.665191429188091,0.0,1742.0,1.0,0.0
greedy,556,278.0,12.658318759039801,-3.665191429188091,0.0,1700.0,1.0,0.0
greedy,557,278.5,12.662169049913444,-3.665191429188091,0.0,1674.0,1.0,0.0
greedy,558,279.0,12.66486293497492,-3.665191429188091,0.0,1673.0,1.0,0.0
greedy,559,279.5,12.676640139264263,-3.665191429188091,0.0,1694.0,1.0,0.0
greedy,560,280.0,12.67924820477068,-3.665191429188091,0.0,1656.0,1.0,0.0
greedy,561,280.5,12.679274703140504,-3.665191429188091,0.0,1677.0,1.0,0.0
greedy,562,281.0,12.67722351572661,-3.665191429188091,0.0,1687.0,1.0,0.0
greedy,563,281.5,12.673120957558547,-3.665191429188091,0.0,1749.0,1.0,0.0
greedy,564,282.0,12.671467862423832,-3.665191429188091,0.0,1691.0,1.0,0.0
greedy,565,282.5,12.684013454059993,-3.665191429188091,0.0,1729.0,1.0,0.0
greedy,566,283.0,12.692806795005879,-3.665191429188091,0.0,1728.0,1.0,0.0
greedy,567,283.5,12.696837801119525,-3.665191429188091,0.0,1768.0,1.0,0.0
greedy,568,284.0,12.685001317086254,-3.665191429188091,0.0,1728.0,1.0,0.0
greedy,569,284.5,12.683582014342782,-3.665191429188091,0.0,1768.0,1.0,0.0
greedy,570,285.0,12.677325074467126,-3.665191429188091,0.0,1732.0,1.0,0.0
greedy,571,285.5,12.678543456235667,-3.665191429188091,0.0,1776.0,1.0,0.0
greedy,572,286.0,12.686972299646467,-3.665191429188091,0.0,1681.0,1.0,0.0
greedy,573,286.5,12.694211997170944,-3.665191429188091,0.0,1722.0,1.0,0.0
greedy,574,287.0,12.693218793503073,-3.665191429188091,0.0,1678.0,1.0,0.0
greedy,575,287.5,12.68868837381486,-3.665191429188091,0.0,1714.0,1.0,0.0
greedy,576,288.0,12.688996697200775,-3.665191429188091,0.0,1656.0,1.0,0.0
greedy,577,288.5,12.686301599985331,-3.665191429188091,0.0,1695.0,1.0,0.0
greedy,578,289.0,12.671528684704427,-3.665191429188091,0.0,1659.0,1.0,0.0
greedy,579,289.5,12.671404151397802,-3.665191429188091,0.0,1695.0,1.0,0.0
greedy,580,290.0,12.670375922661156,-3.665191429188091,0.0,1703.0,1.0,0.0
greedy,581,290.5,12.665766022391177,-3.665191429188091,0.0,1723.0,1.0,0.0
greedy,582,291.0,13.3870254611709,-3.665191429188091,0.0,1718.0,1.0,0.0
greedy,583,291.5,9.367049176836197,-4.057890510886815,0.39269908169872414,912.0,1.0,0.0
greedy,584,292.0,12.239792252976757,-3.7960911230876655,0.2617993877991496,1335.0,1.0,0.0
greedy,585,292.5,12.244448183217433,-3.7960911230876655,0.0,1357.0,1.0,0.0
greedy,586,293.0,14.285820634483255,-3.534291735288516,0.2617993877991496,1906.0,1.0,0.0
greedy,587,293.5,14.290424891918757,-3.534291735288516,0.0,1903.0,1.0,0.0
greedy,588,294.0,14.948050358738955,-3.534291735288516,0.0,1912.0,1.0,0.0
greedy,589,294.5,11.40321125151082,-3.92699081698724,0.39269908169872414,1145.0,1.0,0.0
greedy,590,295.0,14.940432531642768,-3.534291735288516,0.39269908169872414,1954.0,1.0,0.0
greedy,591,295.5,14.93451575259733,-3.534291735288516,0.0,1903.0,1.0,0.0
greedy,592,296.0,14.929516805276261,-3.534291735288516,0.0,1930.0,1.0,0.0
greedy,593,296.5,14.927178092102936,-3.534291735288516,0.0,1876.0,1.0,0.0
greedy,594,297.0,14.915455029978421,-3.534291735288516,0.0,1940.0,1.0,0.0
greedy,595,297.5,15.506168050094512,-3.534291735288516,0.0,1853.0,1.0,0.0
greedy,596,298.0,11.835708837987985,-3.92699081698724,0.39269908169872414,1095.0,1.0,0.0
greedy,597,298.5,15.496875917429364,-3.534291735288516,0.39269908169872414,1861.0,1.0,0.0
greedy,598,299.0,15.506711029775193,-3.534291735288516,0.0,1941.0,1.0,0.0
greedy,599,299.5,15.511979182191334,-3.534291735288516,0.0,1831.0,1.0,0.0
greedy,600,300.0,16.093770724514627,-3.534291735288516,0.0,1919.0,1.0,0.0
