policy,seed,gicp_ratio_floor,markers_placed,final_drift_m,final_along_m,final_lateral_m,final_rot_rad,max_drift_m,drift_per_100m,path_length_m,landmark_steps
none,0,0.001880742349913549,0,1.238117917596093,0.9511835814557799,0.7925817132898295,0.011977008345755484,1.238117917596093,0.412705972532031,300.0,0
none,1,0.001880742349913549,0,2.7369232202299454,1.9857793304707343,1.8834620155737298,0.02005933007400199,2.7369232202299454,0.9123077400766484,300.0,0
none,2,0.001880742349913549,0,2.6013375813267072,0.851059085897873,2.45818136929181,0.016942059766555193,2.6013375813267072,0.8671125271089024,300.0,0
none,3,0.001880742349913549,0,11.69684529124184,11.53356147776185,1.947600936006721,0.04550819253375441,11.733455928570429,3.898948430413946,300.0,0
none,4,0.001880742349913549,0,4.192522101969669,3.947851290056576,1.4112801873132053,0.00827019494607075,4.192522101969669,1.397507367323223,300.0,0
none,5,0.001880742349913549,0,4.708246009283477,4.6677469735898285,0.6162131729172844,0.01871373152675157,4.737520417193853,1.5694153364278256,300.0,0
none,6,0.001880742349913549,0,6.509080318452821,6.225119691670045,1.9015812936742214,0.02902117677967427,6.509080318452821,2.169693439484274,300.0,0
none,7,0.001880742349913549,0,2.001102147744964,0.5573131116901209,1.9219292133811232,0.01238005796694657,2.001102147744964,0.6670340492483214,300.0,0
uniform_15m,0,0.001880742349913549,20,1.1491185148514587,0.7862211989364027,0.838051064981978,0.012475792257636587,1.1547991673948623,0.3830395049504862,300.0,200
uniform_15m,1,0.001880742349913549,20,1.6315143792484723,0.34019919151262457,1.5956514907048733,0.016948454549354557,1.6315143792484723,0.5438381264161575,300.0,200
uniform_15m,2,0.001880742349913549,20,1.5509603858132506,0.09114190514844722,1.5482801011082907,0.01657514423022694,1.5509603858132506,0.5169867952710835,300.0,200
uniform_15m,3,0.001880742349913549,20,7.070356133468563,7.02110314834141,0.8330944930959938,0.051112788915128195,7.137559095249192,2.3567853778228542,300.0,200
uniform_15m,4,0.001880742349913549,20,3.9085887349971786,3.4642651231534956,1.8099538822437276,0.013016372581447215,3.9392199047983016,1.3028629116657262,300.0,200
uniform_15m,5,0.001880742349913549,20,4.128075785631961,4.07496059885267,0.6600801540110354,0.02496051809646351,4.179164205235846,1.3760252618773203,300.0,200
uniform_15m,6,0.001880742349913549,20,3.343862015894148,3.0893855833670614,1.2794959549070242,0.03074041322612592,3.343862015894148,1.114620671964716,300.0,200
uniform_15m,7,0.001880742349913549,20,1.9719400162343195,0.9192920207946713,1.7445485399178373,0.010108291067914714,2.000551503734646,0.6573133387447732,300.0,200
uniform_8m,0,0.001880742349913549,36,0.9133384385853105,0.627437167495259,0.6637090508972884,0.01211197745120862,1.334837339399892,0.3044461461951035,300.0,360
uniform_8m,1,0.001880742349913549,37,1.1373671006464419,0.37838772391870634,1.0725794385594543,0.014000353289008654,1.1373671006464419,0.3791223668821473,300.0,363
uniform_8m,2,0.001880742349913549,36,1.922805441543183,0.7491148476528906,1.770877666879918,0.017395534092813938,1.9298377716141184,0.640935147181061,300.0,358
uniform_8m,3,0.001880742349913549,38,2.9647298387363294,2.7531870639499516,1.0998108962872615,0.05581925300840765,3.024264928855901,0.9882432795787764,300.0,376
uniform_8m,4,0.001880742349913549,36,3.2885575787681494,2.742645349531074,1.8145267800638838,0.014660073688236807,3.294296795854301,1.0961858595893832,300.0,355
uniform_8m,5,0.001880742349913549,36,3.0794745726579587,2.99207385382374,0.7284625569727449,0.025192244053147093,3.0929971486339065,1.0264915242193196,300.0,355
uniform_8m,6,0.001880742349913549,38,1.2516557137702655,0.8882996404695405,0.8817969009672456,0.034670303385387555,1.2516557137702655,0.41721857125675516,300.0,372
uniform_8m,7,0.001880742349913549,36,2.6393441352356417,1.2545171126200216,2.322137868074654,0.011297389398201794,2.6393441352356417,0.8797813784118805,300.0,356
on_failure,0,0.001880742349913549,26,1.169436487038402,0.8198183096521916,0.8339542171940508,0.01196532606170671,1.169436487038402,0.389812162346134,300.0,255
on_failure,1,0.001880742349913549,29,2.0479305303771658,1.1813395326336718,1.6728587405659083,0.024688234717876567,2.0479305303771658,0.682643510125722,300.0,284
on_failure,2,0.001880742349913549,39,1.46345541144795,1.0449375313578457,1.0246010427752161,0.024842155012606115,1.46345541144795,0.4878184704826501,300.0,385
on_failure,3,0.001880742349913549,31,4.660838955346072,4.435508447943391,1.4316719512144767,0.07414100700031503,4.680268675625699,1.5536129851153573,300.0,303
on_failure,4,0.001880742349913549,28,3.898589974649175,3.5860244322819312,1.5295203697604374,0.01700089680545238,3.898589974649175,1.299529991549725,300.0,274
on_failure,5,0.001880742349913549,37,3.756176700319073,3.624935702652863,0.9842278982291008,0.04130968030961321,3.7749659521252643,1.2520589001063576,300.0,365
on_failure,6,0.001880742349913549,26,2.7897030418982562,2.34547208977267,1.5103654319646647,0.051249621457667247,2.808990477602971,0.9299010139660855,300.0,255
on_failure,7,0.001880742349913549,42,2.753692369377697,1.6436157229335322,2.209377518780943,0.01344053024098719,2.753692369377697,0.9178974564592324,300.0,415
scheduler,0,0.001880742349913549,38,1.3799706835728904,1.0919564883648718,0.8437713641967757,0.013059585624868185,1.3799706835728904,0.4599902278576301,300.0,380
scheduler,1,0.001880742349913549,33,1.5113903767515497,0.9920589784527465,1.1402279834351043,0.025023365024029718,1.5156429796135662,0.5037967922505167,300.0,330
scheduler,2,0.001880742349913549,49,3.027066679427052,1.4714202588545504,2.645383734646058,0.02108814210089361,3.027066679427052,1.009022226475684,300.0,490
scheduler,3,0.001880742349913549,48,0.7675274744007758,0.6595633709893605,0.3925233542213568,0.05480259398214462,0.7675274744007758,0.2558424914669253,300.0,480
scheduler,4,0.001880742349913549,35,3.452552289599076,3.078632822236841,1.562733905136075,0.011399364561281683,3.496226693722942,1.150850763199692,300.0,350
scheduler,5,0.001880742349913549,35,3.116613071402005,3.0561918437404643,0.6107114302910159,0.031242417299202668,3.164793623323021,1.0388710238006684,300.0,350
scheduler,6,0.001880742349913549,49,1.172574933963629,0.7724495366491624,0.882186878779266,0.03146094944136821,1.172574933963629,0.39085831132120974,300.0,490
scheduler,7,0.001880742349913549,49,2.7018674025058105,1.7064707276707054,2.0947661244937366,0.011101797128285424,2.7065434227750553,0.9006224675019369,300.0,490
oracle_12,0,0.001880742349913549,12,0.9142553199661846,0.3239610645741209,0.8549339265267655,0.010352384529980755,0.9142553199661846,0.30475177332206155,300.0,120
oracle_12,1,0.001880742349913549,12,2.2143177918554993,1.0211274830220987,1.964816008369427,0.018855899346079626,2.2143177918554993,0.7381059306184997,300.0,120
oracle_12,2,0.001880742349913549,12,2.7040153857915565,0.3958121161749659,2.67488915196248,0.01654407936709779,2.7040153857915565,0.9013384619305189,300.0,120
oracle_12,3,0.001880742349913549,12,8.896094301721298,8.693910605840586,1.8858452223792732,0.047483913050889615,8.912984181740105,2.9653647672404326,300.0,120
oracle_12,4,0.001880742349913549,12,3.9469760719906493,3.5563211897655833,1.7120746794725514,0.010961489761461383,3.9469760719906493,1.3156586906635497,300.0,120
oracle_12,5,0.001880742349913549,12,3.9204145152306316,3.8757672377836343,0.5899816011996005,0.022171575300265166,3.950475155333359,1.3068048384102104,300.0,120
oracle_12,6,0.001880742349913549,12,4.44709700246444,4.291247814769122,1.1669892636898753,0.029907022217317492,4.450602775320423,1.4823656674881465,300.0,120
oracle_12,7,0.001880742349913549,12,2.456451534591502,0.6515150967701402,2.3684767722056175,0.014711047972072549,2.456451534591502,0.8188171781971674,300.0,120
oracle_24,0,0.001880742349913549,24,1.1972481846252985,0.6216861414144432,1.0231859836617163,0.013165163496645435,1.1979424200838396,0.3990827282084328,300.0,240
oracle_24,1,0.001880742349913549,24,1.5705064936643327,0.011614374414591566,1.5704635471569515,0.017707506826542152,1.5705064936643327,0.5235021645547776,300.0,240
oracle_24,2,0.001880742349913549,24,2.430724267353672,0.2860886917592893,2.4138296800622667,0.018516023849356297,2.430724267353672,0.8102414224512241,300.0,240
oracle_24,3,0.001880742349913549,24,6.022288026844509,5.896650982699327,1.2237075902787367,0.05171228248146917,6.0427340151951245,2.007429342281503,300.0,240
oracle_24,4,0.001880742349913549,24,3.512152525164355,3.098624717456687,1.653402618960313,0.012816122007105218,3.5520836134499842,1.1707175083881183,300.0,240
oracle_24,5,0.001880742349913549,24,3.7386056142961843,3.6921833938110353,0.587327613613541,0.026894488256607382,3.7687358098248698,1.2462018714320615,300.0,240
oracle_24,6,0.001880742349913549,24,1.871906562759157,1.6623682095679442,0.8605615117576831,0.04488229343441386,1.8850288042544836,0.6239688542530524,300.0,240
oracle_24,7,0.001880742349913549,24,2.306210471884805,0.9027053436470283,2.1221992845117628,0.01215448678021696,2.3224947925987105,0.7687368239616017,300.0,240
