platform,policy,seed,world,length_m,range_scale,odom_scale,marker_height_m,fov_deg,sensor_range_m,odom_scale_sigma,ratio_threshold,final_along_m,final_lateral_m,final_rot_rad,markers_placed,path_length_m,mission_time_s,blind_fraction,mean_yaw_rate_dps,glance_fraction,scale_estimate,lead_time_median_s,lead_time_n,wall_time_s
ugv,none,0,blind,300.0,1.0,1.0,1.0,360.0,10.0,0.02,0.0018445884928346022,0.009576854702174842,0.9232657655802493,0.012152753559060151,0,300.0,300.5,0.9432387312186978,0.0,nan,1.0,1.0,1,24.394272804260254
ugv,none,1,blind,300.0,1.0,1.0,1.0,360.0,10.0,0.02,0.0018445884928346022,1.8442665979805497,1.9793614962642,0.020215566984879214,0,300.0,300.5,0.9332220367278798,0.0,nan,1.0,0.0,1,24.81015920639038
ugv,none,2,blind,300.0,1.0,1.0,1.0,360.0,10.0,0.02,0.0018445884928346022,0.19607933232555297,2.4552199277166267,0.01706393061270779,0,300.0,300.5,0.8848080133555927,0.0,nan,1.0,1.5,1,24.431166887283325
ugv,none,3,blind,300.0,1.0,1.0,1.0,360.0,10.0,0.02,0.0018445884928346022,11.359015925942288,2.2702456239686675,0.0449081961747979,0,300.0,300.5,0.9482470784641068,0.0,nan,1.0,0.5,1,24.714183568954468
ugv,none,4,blind,300.0,1.0,1.0,1.0,360.0,10.0,0.02,0.0018445884928346022,3.992630971438018,1.5467707746862727,0.010280406766849578,0,300.0,300.5,0.9616026711185309,0.0,nan,1.0,0.5,1,25.30813455581665
ugv,none,5,blind,300.0,1.0,1.0,1.0,360.0,10.0,0.02,0.0018445884928346022,4.688613728960547,0.6416654883858519,0.018887789195309885,0,300.0,300.5,0.9565943238731218,0.0,nan,1.0,0.5,1,25.119384288787842
ugv,none,6,blind,300.0,1.0,1.0,1.0,360.0,10.0,0.02,0.0018445884928346022,5.700336137818397,1.7440020733531347,0.02671666374350411,0,300.0,300.5,0.9482470784641068,0.0,nan,1.0,1.0,1,24.909118175506592
ugv,none,7,blind,300.0,1.0,1.0,1.0,360.0,10.0,0.02,0.0018445884928346022,0.41953275814427116,2.277954515654419,0.013834783645512775,0,300.0,300.5,0.9315525876460768,0.0,nan,1.0,0.5,1,24.850182056427002
ugv,uniform_15m,0,blind,300.0,1.0,1.0,1.0,360.0,10.0,0.02,0.0018445884928346022,1.8102854735050187,0.815619306747775,0.06391341711222337,20,300.0,300.5,0.8330550918196995,0.0,nan,1.00411352835604,-0.5,1,25.027396202087402
ugv,uniform_15m,1,blind,300.0,1.0,1.0,1.0,360.0,10.0,0.02,0.0018445884928346022,1.7841596655614467,1.0352242974285037,0.0090971889833825,20,300.0,300.5,0.8063439065108514,0.0,nan,1.0062503132227636,0.0,1,25.30648446083069
ugv,uniform_15m,2,blind,300.0,1.0,1.0,1.0,360.0,10.0,0.02,0.0018445884928346022,1.736223999190429,1.5702311878957973,0.05858704617753521,20,300.0,300.5,0.7863105175292153,0.0,nan,1.0016610895386195,0.0,1,25.276620626449585
ugv,uniform_15m,3,blind,300.0,1.0,1.0,1.0,360.0,10.0,0.02,0.0018445884928346022,0.12112002695965884,1.0937782161734204,0.09424124444603009,20,300.0,300.5,0.6010016694490818,0.0,nan,1.0120752651629727,0.0,1,25.196572303771973
ugv,uniform_15m,4,blind,300.0,1.0,1.0,1.0,360.0,10.0,0.02,0.0018445884928346022,2.150551220493867,1.8577051992210396,0.06518818025394563,20,300.0,300.5,0.8196994991652755,0.0,nan,0.9977323279989347,0.0,1,24.87968873977661
ugv,uniform_15m,5,blind,300.0,1.0,1.0,1.0,360.0,10.0,0.02,0.0018445884928346022,2.6677614430006997,0.25040279243772895,0.09191407504080835,20,300.0,300.5,0.8397328881469115,0.0,nan,0.9971397211506935,0.0,1,25.304577112197876
ugv,uniform_15m,6,blind,300.0,1.0,1.0,1.0,360.0,10.0,0.02,0.0018445884928346022,0.09180687820276034,1.11478616134682,0.026547611828026306,20,300.0,300.5,0.8230383973288815,0.0,nan,1.0138389211702177,0.0,1,24.796509504318237
ugv,uniform_15m,7,blind,300.0,1.0,1.0,1.0,360.0,10.0,0.02,0.0018445884928346022,2.7837767841018604,1.5918493157406435,0.035083075653779924,20,300.0,300.5,0.8530884808013356,0.0,nan,1.001822799020187,0.0,1,25.475860834121704
ugv,uniform_8m,0,blind,300.0,1.0,1.0,1.0,360.0,10.0,0.02,0.0018445884928346022,2.8065505123756793,0.6797772967576513,0.009303596268872281,36,300.0,300.5,0.8213689482470785,0.0,nan,1.0023035171161336,-0.5,1,25.353195667266846
ugv,uniform_8m,1,blind,300.0,1.0,1.0,1.0,360.0,10.0,0.02,0.0018445884928346022,1.1845846252878118,1.4659320152173712,0.042225268891887886,36,300.0,300.5,0.7646076794657763,0.0,nan,0.9984016331154743,0.0,1,25.56128692626953
ugv,uniform_8m,2,blind,300.0,1.0,1.0,1.0,360.0,10.0,0.02,0.0018445884928346022,1.0328831470753244,1.5603576069308815,0.07179876472179596,36,300.0,300.5,0.6510851419031719,0.0,nan,1.0002286317056805,0.0,1,25.531916856765747
ugv,uniform_8m,3,blind,300.0,1.0,1.0,1.0,360.0,10.0,0.02,0.0018445884928346022,0.3392110010711349,1.3400812498974184,0.06912825725966212,37,300.0,300.5,0.6410684474123539,0.0,nan,1.012068225652794,0.0,1,25.78058671951294
ugv,uniform_8m,4,blind,300.0,1.0,1.0,1.0,360.0,10.0,0.02,0.0018445884928346022,2.119700881787878,1.721620634519074,0.015558638998146605,36,300.0,300.5,0.7963272120200334,0.0,nan,0.9979704238567737,0.0,1,25.321930646896362
ugv,uniform_8m,5,blind,300.0,1.0,1.0,1.0,360.0,10.0,0.02,0.0018445884928346022,1.9362908745236496,0.274820323296026,0.011771906920499226,36,300.0,300.5,0.7045075125208681,0.0,nan,0.9942292066168641,0.0,1,25.636746168136597
ugv,uniform_8m,6,blind,300.0,1.0,1.0,1.0,360.0,10.0,0.02,0.0018445884928346022,1.4037224415965852,1.3152498363906189,0.010513011331986434,36,300.0,300.5,0.8247078464106845,0.0,nan,1.0108189073253426,0.0,1,25.38078260421753
ugv,uniform_8m,7,blind,300.0,1.0,1.0,1.0,360.0,10.0,0.02,0.0018445884928346022,2.2008063716625657,1.5628635469941536,0.04617810039870067,36,300.0,300.5,0.7512520868113522,0.0,nan,1.0005795730893645,0.0,1,25.59985637664795
ugv,on_failure,0,blind,300.0,1.0,1.0,1.0,360.0,10.0,0.02,0.0018445884928346022,2.302500127808628,1.096982534980473,0.06021793947244778,18,300.0,300.5,0.669449081803005,0.0,nan,1.0058568066117413,-0.5,1,25.157885789871216
ugv,on_failure,1,blind,300.0,1.0,1.0,1.0,360.0,10.0,0.02,0.0018445884928346022,2.6859583199826034,1.6238622415804327,0.0414020104140294,21,300.0,300.5,0.7779632721202003,0.0,nan,1.0001025487908026,0.0,1,26.09065580368042
ugv,on_failure,2,blind,300.0,1.0,1.0,1.0,360.0,10.0,0.02,0.0018445884928346022,0.7717772256966668,1.2529894874242085,0.054969699749529664,18,300.0,300.5,0.664440734557596,0.0,nan,1.0015616156505533,0.0,1,24.97316813468933
ugv,on_failure,3,blind,300.0,1.0,1.0,1.0,360.0,10.0,0.02,0.0018445884928346022,0.9460712280182975,1.9437407319214344,0.10815030392697146,14,300.0,300.5,0.5509181969949917,0.0,nan,1.0054944613979013,0.0,1,25.17922854423523
ugv,on_failure,4,blind,300.0,1.0,1.0,1.0,360.0,10.0,0.02,0.0018445884928346022,2.6590797702075406,1.8998447162828118,0.03263366823411662,11,300.0,300.5,0.7779632721202003,0.0,nan,0.996430090476109,0.0,1,24.870147466659546
ugv,on_failure,5,blind,300.0,1.0,1.0,1.0,360.0,10.0,0.02,0.0018445884928346022,2.089096491653322,0.400036995634462,0.04209092711378756,20,300.0,300.5,0.8547579298831386,0.0,nan,0.9954355754708124,0.0,1,25.563798904418945
ugv,on_failure,6,blind,300.0,1.0,1.0,1.0,360.0,10.0,0.02,0.0018445884928346022,0.3791733781445146,1.7098519044667255,0.013458749552342185,25,300.0,300.5,0.7662771285475793,0.0,nan,1.0115681333378455,0.0,1,25.440834760665894
ugv,on_failure,7,blind,300.0,1.0,1.0,1.0,360.0,10.0,0.02,0.0018445884928346022,1.2775497200477162,2.2246369785316094,0.04035698097329179,13,300.0,300.5,0.7295492487479132,0.0,nan,1.001688902312267,0.0,1,24.99136996269226
ugv,scheduler,0,blind,300.0,1.0,1.0,1.0,360.0,10.0,0.02,0.0018445884928346022,1.3844414679754777,0.3338668949800313,0.06638537348102501,23,300.0,300.5,0.8146911519198664,0.0,nan,1.0010151558965903,1.0,1,24.856770038604736
ugv,scheduler,1,blind,300.0,1.0,1.0,1.0,360.0,10.0,0.02,0.0018445884928346022,1.0348533501682482,0.7793428995973342,0.048698266858933185,22,300.0,300.5,0.8180300500834724,0.0,nan,1.0043281970116031,0.0,1,25.205937147140503
ugv,scheduler,2,blind,300.0,1.0,1.0,1.0,360.0,10.0,0.02,0.0018445884928346022,1.5304365870736092,1.6959007275784763,0.05181336599097079,22,300.0,300.5,0.7996661101836394,0.0,nan,1.000158504474075,1.5,1,25.183029890060425
ugv,scheduler,3,blind,300.0,1.0,1.0,1.0,360.0,10.0,0.02,0.0018445884928346022,0.4196088831801035,2.1311984556582537,0.1233491326206289,22,300.0,300.5,0.6444073455759599,0.0,nan,1.0133209109405565,0.5,1,25.37817931175232
ugv,scheduler,4,blind,300.0,1.0,1.0,1.0,360.0,10.0,0.02,0.0018445884928346022,1.8715413372555076,1.4042160649307265,0.07334435403467637,22,300.0,300.5,0.7829716193656093,0.0,nan,0.9935188452491331,0.5,1,25.092939853668213
ugv,scheduler,5,blind,300.0,1.0,1.0,1.0,360.0,10.0,0.02,0.0018445884928346022,1.4322292940800594,0.7939184531884442,0.045564332740025325,22,300.0,300.5,0.7996661101836394,0.0,nan,0.9940703448459037,0.5,1,25.485310316085815
ugv,scheduler,6,blind,300.0,1.0,1.0,1.0,360.0,10.0,0.02,0.0018445884928346022,1.263903816026982,0.7270298024112526,0.026057174721509143,23,300.0,300.5,0.8514190317195326,0.0,nan,1.0174864399294552,1.0,1,25.472102403640747
ugv,scheduler,7,blind,300.0,1.0,1.0,1.0,360.0,10.0,0.02,0.0018445884928346022,1.7323338321572805,1.6586118583366476,0.016637064334571117,23,300.0,300.5,0.8447412353923205,0.0,nan,0.9994277950519431,0.5,1,25.157474756240845
ugv,oracle_12,0,blind,300.0,1.0,1.0,1.0,360.0,10.0,0.02,0.0018445884928346022,1.3063987367564778,0.5791110359863717,0.01983462329260185,12,300.0,300.5,0.8547579298831386,0.0,nan,1.0049057702924775,1.0,1,25.06454873085022
ugv,oracle_12,1,blind,300.0,1.0,1.0,1.0,360.0,10.0,0.02,0.0018445884928346022,2.811050366278778,0.6579832652450016,0.014816949223214335,12,300.0,300.5,0.8414023372287145,0.0,nan,1.0021220932059691,0.0,1,25.08565878868103
ugv,oracle_12,2,blind,300.0,1.0,1.0,1.0,360.0,10.0,0.02,0.0018445884928346022,1.5173429581254254,1.9093240631392467,0.06416459607670813,12,300.0,300.5,0.67779632721202,0.0,nan,0.9959971135705806,1.5,1,25.353906393051147
ugv,oracle_12,3,blind,300.0,1.0,1.0,1.0,360.0,10.0,0.02,0.0018445884928346022,5.478090459078146,1.5367535484242227,0.10150049593350868,12,300.0,300.5,0.8430717863105175,0.0,nan,1.0251791866616755,0.5,1,25.156900644302368
ugv,oracle_12,4,blind,300.0,1.0,1.0,1.0,360.0,10.0,0.02,0.0018445884928346022,2.703221151157095,1.3989954692708404,0.02482813628124447,12,300.0,300.5,0.9549248747913188,0.0,nan,0.997926022197248,0.5,1,24.92811608314514
ugv,oracle_12,5,blind,300.0,1.0,1.0,1.0,360.0,10.0,0.02,0.0018445884928346022,1.3674336061680492,0.6169324529025021,0.0913238744583628,12,300.0,300.5,0.7779632721202003,0.0,nan,0.9856602405324136,0.5,1,24.716299057006836
ugv,oracle_12,6,blind,300.0,1.0,1.0,1.0,360.0,10.0,0.02,0.0018445884928346022,0.48892853048948837,0.28946642475196693,0.01213498808017714,12,300.0,300.5,0.9415692821368948,0.0,nan,1.0117339579093694,1.0,1,25.077470541000366
ugv,oracle_12,7,blind,300.0,1.0,1.0,1.0,360.0,10.0,0.02,0.0018445884928346022,1.4136829110087774,1.7329334278105262,0.0454029515272816,12,300.0,300.5,0.9065108514190318,0.0,nan,0.9988935977666351,0.5,1,24.86377716064453
ugv,oracle_24,0,blind,300.0,1.0,1.0,1.0,360.0,10.0,0.02,0.0018445884928346022,1.4607566183389054,0.25709891771356125,0.057664166650983124,24,300.0,300.5,0.8230383973288815,0.0,nan,1.005558386165183,1.0,1,25.102232694625854
ugv,oracle_24,1,blind,300.0,1.0,1.0,1.0,360.0,10.0,0.02,0.0018445884928346022,1.0364145156028712,0.8428990248325798,0.044440510925702136,24,300.0,300.5,0.8297161936560935,0.0,nan,1.0024273643681563,0.0,1,25.03225588798523
ugv,oracle_24,2,blind,300.0,1.0,1.0,1.0,360.0,10.0,0.02,0.0018445884928346022,1.7746234705811048,1.7846245012336925,0.06769444320772414,24,300.0,300.5,0.7395659432387313,0.0,nan,1.0000024296454544,1.5,1,25.40812611579895
ugv,oracle_24,3,blind,300.0,1.0,1.0,1.0,360.0,10.0,0.02,0.0018445884928346022,0.5317147758237866,2.0622598862992056,0.028860859197121166,24,300.0,300.5,0.7078464106844741,0.0,nan,1.0181665802756705,0.5,1,25.268717527389526
ugv,oracle_24,4,blind,300.0,1.0,1.0,1.0,360.0,10.0,0.02,0.0018445884928346022,2.310107941056856,1.6489627237005404,0.061911173858549745,24,300.0,300.5,0.8564273789649416,0.0,nan,0.9978176944534558,0.5,1,25.09012484550476
ugv,oracle_24,5,blind,300.0,1.0,1.0,1.0,360.0,10.0,0.02,0.0018445884928346022,1.933106273140936,0.9586738296436766,0.08727708381433957,24,300.0,300.5,0.7495826377295493,0.0,nan,0.9957808385730665,0.5,1,24.85202980041504
ugv,oracle_24,6,blind,300.0,1.0,1.0,1.0,360.0,10.0,0.02,0.0018445884928346022,0.8709002402219994,0.7184073662735557,0.014027441018225789,24,300.0,300.5,0.8180300500834724,0.0,nan,1.0158783107710927,1.0,1,25.589650869369507
ugv,oracle_24,7,blind,300.0,1.0,1.0,1.0,360.0,10.0,0.02,0.0018445884928346022,1.5125235853826098,1.8677891899334753,0.010122691408861984,24,300.0,300.5,0.7863105175292153,0.0,nan,0.997756171216421,0.5,1,25.661421060562134
ugv,none,0,junction,300.0,1.0,1.0,1.0,360.0,10.0,0.02,0.0018445884928346022,0.09522957429789095,2.1099346899556655,0.011349198762464425,0,300.0,300.5,0.21368948247078465,0.0,nan,1.0,0.75,4,26.858869075775146
ugv,none,1,junction,300.0,1.0,1.0,1.0,360.0,10.0,0.02,0.0018445884928346022,0.4763900389715902,2.591210119015471,0.02485787803526931,0,300.0,300.5,0.2671118530884808,0.0,nan,1.0,2.5,5,26.16287922859192
ugv,none,2,junction,300.0,1.0,1.0,1.0,360.0,10.0,0.02,0.0018445884928346022,0.11814335939880573,2.1022819434225846,0.01066848649927857,0,300.0,300.5,0.1318864774624374,0.0,nan,1.0,3.0,1,27.22235631942749
ugv,none,3,junction,300.0,1.0,1.0,1.0,360.0,10.0,0.02,0.0018445884928346022,2.518544314267797,3.206011587640048,0.06701412538328225,0,300.0,300.5,0.05342237061769616,0.0,nan,1.0,-9.5,3,28.289883613586426
ugv,none,4,junction,300.0,1.0,1.0,1.0,360.0,10.0,0.02,0.0018445884928346022,2.8732373941050335,1.6853562866609073,0.010795411078402643,0,300.0,300.5,0.17529215358931552,0.0,nan,1.0,0.75,4,28.72967767715454
ugv,none,5,junction,300.0,1.0,1.0,1.0,360.0,10.0,0.02,0.0018445884928346022,1.8755231886521353,1.0793350952422263,0.03416642763881714,0,300.0,300.5,0.2003338898163606,0.0,nan,1.0,2.5,3,27.557647705078125
ugv,none,6,junction,300.0,1.0,1.0,1.0,360.0,10.0,0.02,0.0018445884928346022,1.3015788451913166,0.6931005453987273,0.05214816281981659,0,300.0,300.5,0.13856427378964942,0.0,nan,1.0,2.0,5,28.132129192352295
ugv,none,7,junction,300.0,1.0,1.0,1.0,360.0,10.0,0.02,0.0018445884928346022,1.1020560940134465,0.39371797060774566,0.009318644583166981,0,300.0,300.5,0.25542570951585974,0.0,nan,1.0,1.0,4,26.981563091278076
ugv,uniform_15m,0,junction,300.0,1.0,1.0,1.0,360.0,10.0,0.02,0.0018445884928346022,1.840986807105428,2.092554740501921,0.019254027592199782,20,300.0,300.5,0.17195325542570952,0.0,nan,0.9949233633630288,0.5,4,27.32057809829712
ugv,uniform_15m,1,junction,300.0,1.0,1.0,1.0,360.0,10.0,0.02,0.0018445884928346022,0.7086856396164081,1.8225059653187592,0.02005339243596839,20,300.0,300.5,0.3071786310517529,0.0,nan,1.0034019019712155,2.0,6,26.22551131248474
ugv,uniform_15m,2,junction,300.0,1.0,1.0,1.0,360.0,10.0,0.02,0.0018445884928346022,1.4779338935939568,2.2412248725357578,0.015377356106614476,20,300.0,300.5,0.14524207011686144,0.0,nan,0.9977419921849758,-0.25,4,27.352055072784424
ugv,uniform_15m,3,junction,300.0,1.0,1.0,1.0,360.0,10.0,0.02,0.0018445884928346022,1.030062882634342,3.3063120209211316,0.07937244232383066,20,300.0,300.5,0.05175292153589316,0.0,nan,1.0057845637320029,-12.0,3,27.467692136764526
ugv,uniform_15m,5,junction,300.0,1.0,1.0,1.0,360.0,10.0,0.02,0.0018445884928346022,0.22955315587674827,0.5953126389652172,0.03572574598711206,20,300.0,300.5,0.20701168614357263,0.0,nan,0.9971049029842467,1.5,2,26.716789960861206
ugv,uniform_15m,4,junction,300.0,1.0,1.0,1.0,360.0,10.0,0.02,0.0018445884928346022,1.1452250601941343,1.934683166020063,0.02621604507713733,20,300.0,300.5,0.2303839732888147,0.0,nan,0.9982206161843936,1.0,5,28.072714805603027
ugv,uniform_15m,7,junction,300.0,1.0,1.0,1.0,360.0,10.0,0.02,0.0018445884928346022,0.7011325264066969,1.8825290196318611,0.011284517135596027,20,300.0,300.5,0.27545909849749584,0.0,nan,0.9962759000726774,-2.5,5,25.772189378738403
ugv,uniform_15m,6,junction,300.0,1.0,1.0,1.0,360.0,10.0,0.02,0.0018445884928346022,0.03128066772624602,1.1093064426403527,0.05303348181892903,20,300.0,300.5,0.21702838063439064,0.0,nan,1.00273112630341,0.75,4,27.280416250228882
ugv,uniform_8m,1,junction,300.0,1.0,1.0,1.0,360.0,10.0,0.02,0.0018445884928346022,0.6948246976630412,1.8430570591980586,0.017744271255741156,37,300.0,300.5,0.32053422370617696,0.0,nan,1.0052125199551734,1.5,3,26.030406951904297
ugv,uniform_8m,0,junction,300.0,1.0,1.0,1.0,360.0,10.0,0.02,0.0018445884928346022,0.08647320219336638,2.0901684104989315,0.016731239000726508,37,300.0,300.5,0.19699499165275458,0.0,nan,1.002140787981292,-1.0,1,27.26988983154297
ugv,uniform_8m,2,junction,300.0,1.0,1.0,1.0,360.0,10.0,0.02,0.0018445884928346022,1.2027047506533939,2.0450528654036195,0.015231810999077654,36,300.0,300.5,0.14524207011686144,0.0,nan,1.0087489774173724,4.5,2,27.11608648300171
ugv,uniform_8m,3,junction,300.0,1.0,1.0,1.0,360.0,10.0,0.02,0.0018445884928346022,0.18915109241533057,3.1717768087527456,0.07299643609947945,36,300.0,300.5,0.05676126878130217,0.0,nan,1.0037613263098748,-11.25,2,27.872140645980835
ugv,uniform_8m,5,junction,300.0,1.0,1.0,1.0,360.0,10.0,0.02,0.0018445884928346022,1.2392238325094764,0.45634049240412133,0.03602463977468825,36,300.0,300.5,0.2036727879799666,0.0,nan,0.9993669249386808,1.25,6,27.140477657318115
ugv,uniform_8m,4,junction,300.0,1.0,1.0,1.0,360.0,10.0,0.02,0.0018445884928346022,0.6237631423871178,1.8845240065196984,0.011385581229886694,36,300.0,300.5,0.17529215358931552,0.0,nan,0.9997293644683767,-1.0,3,28.26012945175171
ugv,uniform_8m,7,junction,300.0,1.0,1.0,1.0,360.0,10.0,0.02,0.0018445884928346022,0.5748139373962238,0.5105818809554599,0.004825717270240526,36,300.0,300.5,0.3071786310517529,0.0,nan,0.9993223946664982,1.75,4,25.954453945159912
ugv,uniform_8m,6,junction,300.0,1.0,1.0,1.0,360.0,10.0,0.02,0.0018445884928346022,0.418567761129794,0.4758402244309153,0.04311477382560198,37,300.0,300.5,0.18530884808013356,0.0,nan,1.0038311569674059,1.5,4,27.781010389328003
ugv,on_failure,0,junction,300.0,1.0,1.0,1.0,360.0,10.0,0.02,0.0018445884928346022,1.5185497579704554,1.86121013927301,0.019261561061576067,47,300.0,300.5,0.19365609348914858,0.0,nan,0.9937335283032677,-1.5,3,26.98983907699585
ugv,on_failure,1,junction,300.0,1.0,1.0,1.0,360.0,10.0,0.02,0.0018445884928346022,1.381862985238151,3.152339105495637,0.05902024283837266,64,300.0,300.5,0.2838063439065108,0.0,nan,1.0022778677346578,4.5,5,25.714741945266724
ugv,on_failure,2,junction,300.0,1.0,1.0,1.0,360.0,10.0,0.02,0.0018445884928346022,3.1877448491248646,2.422562194424193,0.019957276078100286,44,300.0,300.5,0.1419031719532554,0.0,nan,1.0038773948961344,0.0,3,26.86182713508606
ugv,on_failure,3,junction,300.0,1.0,1.0,1.0,360.0,10.0,0.02,0.0018445884928346022,0.7955419193093091,2.936630497356668,0.07046245814912308,26,300.0,300.5,0.04006677796327212,0.0,nan,1.0076076303492179,-9.5,3,27.372257471084595
ugv,on_failure,4,junction,300.0,1.0,1.0,1.0,360.0,10.0,0.02,0.0018445884928346022,2.3922590649181403,1.1848894742569016,0.012434997832085612,19,300.0,300.5,0.19532554257095158,0.0,nan,1.0018682705351438,0.0,5,28.03339672088623
ugv,on_failure,5,junction,300.0,1.0,1.0,1.0,360.0,10.0,0.02,0.0018445884928346022,2.437848791248716,0.8474674349831637,0.03253570873924039,29,300.0,300.5,0.24707846410684475,0.0,nan,0.9964928841296516,2.0,5,27.46852970123291
ugv,on_failure,7,junction,300.0,1.0,1.0,1.0,360.0,10.0,0.02,0.0018445884928346022,0.33768457639839666,0.9532548361640588,0.0067507361027615105,64,300.0,300.5,0.2570951585976628,0.0,nan,0.9970794073915106,1.5,5,26.55460214614868
ugv,on_failure,6,junction,300.0,1.0,1.0,1.0,360.0,10.0,0.02,0.0018445884928346022,1.0780544057230381,0.7706186364865183,0.04841264447295004,43,300.0,300.5,0.2270450751252087,0.0,nan,1.001891525388074,2.0,5,27.880772352218628
ugv,scheduler,0,junction,300.0,1.0,1.0,1.0,360.0,10.0,0.02,0.0018445884928346022,1.3672152367997616,1.7605225028336158,0.007911751525786884,11,300.0,300.5,0.2003338898163606,0.0,nan,1.0047466875971098,2.0,6,26.713610649108887
ugv,scheduler,1,junction,300.0,1.0,1.0,1.0,360.0,10.0,0.02,0.0018445884928346022,0.43165960298827827,1.7805059897717335,0.016632014369906436,13,300.0,300.5,0.24874791318864775,0.0,nan,1.0037466185894717,3.0,4,25.71388268470764
ugv,scheduler,2,junction,300.0,1.0,1.0,1.0,360.0,10.0,0.02,0.0018445884928346022,1.546467458144055,2.0195900724918228,0.009710274950119328,9,300.0,300.5,0.12687813021702837,0.0,nan,1.0057003634590203,1.75,2,26.582419395446777
ugv,scheduler,3,junction,300.0,1.0,1.0,1.0,360.0,10.0,0.02,0.0018445884928346022,1.4157626159400853,2.906797302374657,0.07253832700977315,3,300.0,300.5,0.04340567612687813,0.0,nan,1.0121800280971163,-15.5,1,27.96496605873108
ugv,scheduler,5,junction,300.0,1.0,1.0,1.0,360.0,10.0,0.02,0.0018445884928346022,1.0667579590710419,0.6992685524602035,0.039588175280202476,12,300.0,300.5,0.19532554257095158,0.0,nan,1.0022978581475872,9.5,3,26.454065799713135
ugv,scheduler,4,junction,300.0,1.0,1.0,1.0,360.0,10.0,0.02,0.0018445884928346022,2.269305173599928,2.1630487853185847,0.023160781679215838,8,300.0,300.5,0.21202003338898165,0.0,nan,0.9943884142945418,1.25,4,28.119811534881592
ugv,scheduler,7,junction,300.0,1.0,1.0,1.0,360.0,10.0,0.02,0.0018445884928346022,0.821586226927789,0.7594153192058173,0.01380116820496543,13,300.0,300.5,0.2704507512520868,0.0,nan,1.006346610454277,0.5,4,25.777843713760376
ugv,scheduler,6,junction,300.0,1.0,1.0,1.0,360.0,10.0,0.02,0.0018445884928346022,0.4207156266079157,0.7604812440606352,0.053519655170205425,10,300.0,300.5,0.19198664440734559,0.0,nan,1.0154120592321385,7.0,5,27.36647129058838
ugv,oracle_12,0,junction,300.0,1.0,1.0,1.0,360.0,10.0,0.02,0.0018445884928346022,0.7606291553275677,1.938377351588006,0.021260590881910985,12,300.0,300.5,0.22370617696160267,0.0,nan,1.0064306683913902,-5.0,3,26.74508547782898
ugv,oracle_12,1,junction,300.0,1.0,1.0,1.0,360.0,10.0,0.02,0.0018445884928346022,0.6352567264019934,2.465645066775052,0.023446995144420734,12,300.0,300.5,0.35058430717863104,0.0,nan,0.9994190930576107,1.5,4,25.477236032485962
ugv,oracle_12,2,junction,300.0,1.0,1.0,1.0,360.0,10.0,0.02,0.0018445884928346022,3.783226647389942,2.4448525466329656,0.018307805658981192,12,300.0,300.5,0.14023372287145242,0.0,nan,1.0104486264469488,3.5,2,26.817562103271484
ugv,oracle_12,3,junction,300.0,1.0,1.0,1.0,360.0,10.0,0.02,0.0018445884928346022,1.754277785406801,3.0541971312117084,0.0772314616494628,12,300.0,300.5,0.05008347245409015,0.0,nan,1.000743541076764,-3.75,2,27.726508140563965
ugv,oracle_12,4,junction,300.0,1.0,1.0,1.0,360.0,10.0,0.02,0.0018445884928346022,0.9417076218140203,1.8832725467168123,0.017454766981953883,12,300.0,300.5,0.22036727879799667,0.0,nan,0.9927284974456676,-0.5,5,27.803000450134277
ugv,oracle_12,5,junction,300.0,1.0,1.0,1.0,360.0,10.0,0.02,0.0018445884928346022,2.1768919312711237,1.5147237950371892,0.04370946116575504,12,300.0,300.5,0.2337228714524207,0.0,nan,0.9995130552904435,3.0,4,27.060498476028442
ugv,oracle_12,7,junction,300.0,1.0,1.0,1.0,360.0,10.0,0.02,0.0018445884928346022,0.8221057496008416,1.2367468494679166,0.02716535158518534,12,300.0,300.5,0.2353923205342237,0.0,nan,0.9928183459003722,1.5,4,26.109200954437256
ugv,oracle_12,6,junction,300.0,1.0,1.0,1.0,360.0,10.0,0.02,0.0018445884928346022,3.343706406379265,1.3376035695833164,0.04858393937212748,12,300.0,300.5,0.19699499165275458,0.0,nan,1.0144840157333184,6.75,4,27.78216314315796
ugv,oracle_24,0,junction,300.0,1.0,1.0,1.0,360.0,10.0,0.02,0.0018445884928346022,0.2832072929115479,2.6737627837446514,0.022474802363769513,24,300.0,300.5,0.21035058430717862,0.0,nan,1.0031042686392206,2.5,4,26.87591052055359
ugv,oracle_24,1,junction,300.0,1.0,1.0,1.0,360.0,10.0,0.02,0.0018445884928346022,1.1426041610740902,1.354338468692735,0.013460958401662202,24,300.0,300.5,0.31719532554257096,0.0,nan,1.0036326612122444,2.5,5,25.861323595046997
ugv,oracle_24,2,junction,300.0,1.0,1.0,1.0,360.0,10.0,0.02,0.0018445884928346022,1.2659342211224704,2.492423340023341,0.015190108571253379,24,300.0,300.5,0.14357262103505844,0.0,nan,1.0044276816712894,1.0,4,26.73820948600769
ugv,oracle_24,3,junction,300.0,1.0,1.0,1.0,360.0,10.0,0.02,0.0018445884928346022,0.44324602765093046,2.313584121157933,0.06560623575581309,24,300.0,300.5,0.048414023372287146,0.0,nan,1.0111986964029016,-9.5,2,28.07508873939514
ugv,oracle_24,4,junction,300.0,1.0,1.0,1.0,360.0,10.0,0.02,0.0018445884928346022,1.60367252391736,2.1059218406869764,0.010572115349997998,24,300.0,300.5,0.22537562604340566,0.0,nan,1.0037626459238183,8.5,4,27.630032062530518
ugv,oracle_24,5,junction,300.0,1.0,1.0,1.0,360.0,10.0,0.02,0.0018445884928346022,1.2939686976073195,0.860364693520174,0.038696382170297625,24,300.0,300.5,0.24874791318864775,0.0,nan,0.9975696079522021,1.25,6,26.78209614753723
ugv,oracle_24,6,junction,300.0,1.0,1.0,1.0,360.0,10.0,0.02,0.0018445884928346022,1.4179896829875391,0.574228353863032,0.04807592884088496,24,300.0,300.5,0.19365609348914858,0.0,nan,1.009407488518507,2.5,3,26.741413116455078
ugv,oracle_24,7,junction,300.0,1.0,1.0,1.0,360.0,10.0,0.02,0.0018445884928346022,1.182412000309041,0.5619127628149936,0.009954187914876992,24,300.0,300.5,0.2687813021702838,0.0,nan,1.0017085231873712,2.5,5,25.941211938858032
ugv,none,0,mixed,300.0,1.0,1.0,1.0,360.0,10.0,0.02,0.0018445884928346022,0.34976886325180634,0.9631685126502418,0.00940948888134602,0,300.0,300.5,0.5308848080133556,0.0,nan,1.0,1.5,4,29.952775716781616
ugv,none,1,mixed,300.0,1.0,1.0,1.0,360.0,10.0,0.02,0.0018445884928346022,0.039435246643132,0.8946214973045367,0.01954984578671339,0,300.0,300.5,0.22537562604340566,0.0,nan,1.0,3.0,3,31.34262728691101
ugv,none,2,mixed,300.0,1.0,1.0,1.0,360.0,10.0,0.02,0.0018445884928346022,0.34489405067030193,2.4507516697036613,0.011432359718598337,0,300.0,300.5,0.666110183639399,0.0,nan,1.0,1.25,4,30.05516481399536
ugv,none,3,mixed,300.0,1.0,1.0,1.0,360.0,10.0,0.02,0.0018445884928346022,4.962401399130065,2.4443678368736723,0.0577481870237118,0,300.0,300.5,0.333889816360601,0.0,nan,1.0,0.5,3,30.952494621276855
ugv,none,4,mixed,300.0,1.0,1.0,1.0,360.0,10.0,0.02,0.0018445884928346022,3.3226488659662503,1.420543233393379,0.009755007077699709,0,300.0,300.5,0.6527545909849749,0.0,nan,1.0,2.0,3,29.418004512786865
ugv,none,5,mixed,300.0,1.0,1.0,1.0,360.0,10.0,0.02,0.0018445884928346022,3.0697706356480454,1.7406409303120776,0.02501169272748873,0,300.0,300.5,0.671118530884808,0.0,nan,1.0,1.25,2,31.156840324401855
ugv,none,6,mixed,300.0,1.0,1.0,1.0,360.0,10.0,0.02,0.0018445884928346022,3.5331989004651096,1.3210230186254615,0.03636121146511443,0,300.0,300.5,0.66110183639399,0.0,nan,1.0,1.5,3,29.923830032348633
ugv,none,7,mixed,300.0,1.0,1.0,1.0,360.0,10.0,0.02,0.0018445884928346022,0.4785831772946555,1.4819620031202734,0.019000665403487077,0,300.0,300.5,0.5325542570951586,0.0,nan,1.0,0.5,1,30.91972827911377
ugv,uniform_15m,0,mixed,300.0,1.0,1.0,1.0,360.0,10.0,0.02,0.0018445884928346022,1.0933864377161349,1.6513231381862397,0.04813066235984125,20,300.0,300.5,0.5275459098497496,0.0,nan,1.0058780059314354,-0.25,4,29.94557023048401
ugv,uniform_15m,1,mixed,300.0,1.0,1.0,1.0,360.0,10.0,0.02,0.0018445884928346022,0.8345925242477887,0.7743059221680411,0.011913163641783112,20,300.0,300.5,0.2687813021702838,0.0,nan,1.003029278448465,3.0,4,30.921462535858154
ugv,uniform_15m,2,mixed,300.0,1.0,1.0,1.0,360.0,10.0,0.02,0.0018445884928346022,1.7889150390613637,2.469311306699255,0.04229158622409575,20,300.0,300.5,0.6393989983305509,0.0,nan,1.004044054440081,0.75,4,30.150713205337524
ugv,uniform_15m,3,mixed,300.0,1.0,1.0,1.0,360.0,10.0,0.02,0.0018445884928346022,0.5374613514966533,1.6999462525688853,0.09751041555788849,20,300.0,300.5,0.330550918196995,0.0,nan,1.0094288131570008,6.5,3,30.12265110015869
ugv,uniform_15m,4,mixed,300.0,1.0,1.0,1.0,360.0,10.0,0.02,0.0018445884928346022,2.291187768377383,1.3312483759648763,0.044943480903765154,20,300.0,300.5,0.6494156928213689,0.0,nan,0.9967122504316881,1.5,3,29.357094526290894
ugv,uniform_15m,5,mixed,300.0,1.0,1.0,1.0,360.0,10.0,0.02,0.0018445884928346022,2.0641477437512896,1.4409007852152296,0.0343870504759936,20,300.0,300.5,0.66110183639399,0.0,nan,0.9990326645363543,5.0,3,30.626526594161987
ugv,uniform_15m,6,mixed,300.0,1.0,1.0,1.0,360.0,10.0,0.02,0.0018445884928346022,0.9345522920894326,1.1970443181983865,0.007115702861711409,20,300.0,300.5,0.676126878130217,0.0,nan,1.015337192994628,2.5,3,29.943134784698486
ugv,uniform_15m,7,mixed,300.0,1.0,1.0,1.0,360.0,10.0,0.02,0.0018445884928346022,1.5931489217798758,0.8378121943103699,0.010826911945375321,20,300.0,300.5,0.5242070116861436,0.0,nan,1.0075030389919073,0.75,4,30.90167546272278
ugv,uniform_8m,0,mixed,300.0,1.0,1.0,1.0,360.0,10.0,0.02,0.0018445884928346022,1.553490238696962,1.5134128858749598,0.030992535436379164,36,300.0,300.5,0.48414023372287146,0.0,nan,0.998081894561668,-0.75,4,30.211362600326538
ugv,uniform_8m,1,mixed,300.0,1.0,1.0,1.0,360.0,10.0,0.02,0.0018445884928346022,1.431064341147858,0.7983884985266223,0.013265844803921466,36,300.0,300.5,0.3606010016694491,0.0,nan,1.0061234519226279,1.75,4,31.241410970687866
ugv,uniform_8m,2,mixed,300.0,1.0,1.0,1.0,360.0,10.0,0.02,0.0018445884928346022,0.8764315793574665,3.4580420177276756,0.06122295560741795,36,300.0,300.5,0.5375626043405676,0.0,nan,1.005974575403032,0.5,3,30.242425203323364
ugv,uniform_8m,3,mixed,300.0,1.0,1.0,1.0,360.0,10.0,0.02,0.0018445884928346022,0.012087573881418495,1.9653556679055373,0.0850215770472443,37,300.0,300.5,0.2687813021702838,0.0,nan,1.008793370769884,0.0,3,30.758461952209473
ugv,uniform_8m,4,mixed,300.0,1.0,1.0,1.0,360.0,10.0,0.02,0.0018445884928346022,1.6305163245540801,1.0903619049121605,0.03817121745838748,36,300.0,300.5,0.5409015025041736,0.0,nan,0.9976990017902944,0.0,1,29.642958879470825
ugv,uniform_8m,5,mixed,300.0,1.0,1.0,1.0,360.0,10.0,0.02,0.0018445884928346022,2.136329258291836,1.6754112205050824,0.029610237595859287,36,300.0,300.5,0.671118530884808,0.0,nan,0.9957344173938136,1.25,2,31.591280937194824
ugv,uniform_8m,6,mixed,300.0,1.0,1.0,1.0,360.0,10.0,0.02,0.0018445884928346022,0.7003612707118235,0.5012023963276692,0.02743608045809204,37,300.0,300.5,0.6410684474123539,0.0,nan,1.0112203037209613,0.5,3,30.248927116394043
ugv,uniform_8m,7,mixed,300.0,1.0,1.0,1.0,360.0,10.0,0.02,0.0018445884928346022,1.8329632021799385,1.3915317052719742,0.009198761919210641,36,300.0,300.5,0.5025041736227045,0.0,nan,1.005801861662282,4.25,4,30.896533489227295
ugv,on_failure,0,mixed,300.0,1.0,1.0,1.0,360.0,10.0,0.02,0.0018445884928346022,0.12067303055261303,1.518075960468971,0.05454082663748573,19,300.0,300.5,0.44908180300500833,0.0,nan,1.0050183217734527,-0.5,4,30.13251042366028
ugv,on_failure,1,mixed,300.0,1.0,1.0,1.0,360.0,10.0,0.02,0.0018445884928346022,1.9619886982104706,1.9333093485471573,0.007207831242561606,27,300.0,300.5,0.28213689482470783,0.0,nan,0.9962238146801465,-0.25,4,30.821091890335083
ugv,on_failure,2,mixed,300.0,1.0,1.0,1.0,360.0,10.0,0.02,0.0018445884928346022,1.5406404613352573,2.6697813811865627,0.027759242206804008,32,300.0,300.5,0.5709515859766278,0.0,nan,1.0046878860334303,0.0,3,30.55510687828064
ugv,on_failure,3,mixed,300.0,1.0,1.0,1.0,360.0,10.0,0.02,0.0018445884928346022,4.990723371823462,2.495093514334638,0.09752202749744177,19,300.0,300.5,0.35225375626043404,0.0,nan,1.017786021455063,0.0,4,31.520893096923828
ugv,on_failure,4,mixed,300.0,1.0,1.0,1.0,360.0,10.0,0.02,0.0018445884928346022,2.3032853531999953,1.974559429921669,0.010993498881310324,24,300.0,300.5,0.5609348914858097,0.0,nan,0.9953898651720843,21.25,4,31.173413038253784
ugv,on_failure,5,mixed,300.0,1.0,1.0,1.0,360.0,10.0,0.02,0.0018445884928346022,2.0281778050221053,3.2491288751273446,0.04727898465574218,31,300.0,300.5,0.6494156928213689,0.0,nan,0.995457375196186,37.0,3,31.96670150756836
ugv,on_failure,6,mixed,300.0,1.0,1.0,1.0,360.0,10.0,0.02,0.0018445884928346022,2.3223186192472127,1.1025257280045453,0.01572504243661852,31,300.0,300.5,0.5809682804674458,0.0,nan,1.0079244052001444,1.0,4,31.13104248046875
ugv,on_failure,7,mixed,300.0,1.0,1.0,1.0,360.0,10.0,0.02,0.0018445884928346022,1.417080239661066,2.7680118732146877,0.019166448357888388,20,300.0,300.5,0.5275459098497496,0.0,nan,1.0045144254834857,0.0,3,31.557568550109863
ugv,scheduler,0,mixed,300.0,1.0,1.0,1.0,360.0,10.0,0.02,0.0018445884928346022,1.5883901472463005,1.245054700637136,0.05168192060440736,18,300.0,300.5,0.5158597662771286,0.0,nan,1.0013307617623726,0.5,4,29.82802152633667
ugv,scheduler,1,mixed,300.0,1.0,1.0,1.0,360.0,10.0,0.02,0.0018445884928346022,1.7978775765880466,0.6737086194046833,0.017201724068863573,15,300.0,300.5,0.2854757929883139,0.0,nan,0.9973291622489863,0.0,4,31.141143321990967
ugv,scheduler,2,mixed,300.0,1.0,1.0,1.0,360.0,10.0,0.02,0.0018445884928346022,1.9285510638772687,2.3556154871593686,0.020616416680639182,19,300.0,300.5,0.6176961602671118,0.0,nan,1.0082464662876074,2.25,4,30.50808310508728
ugv,scheduler,3,mixed,300.0,1.0,1.0,1.0,360.0,10.0,0.02,0.0018445884928346022,0.6016389523361909,2.523913286366861,0.09392120794159428,11,300.0,300.5,0.2854757929883139,0.0,nan,1.0172910204258654,0.5,3,30.53592562675476
ugv,scheduler,4,mixed,300.0,1.0,1.0,1.0,360.0,10.0,0.02,0.0018445884928346022,2.1823964258746194,0.8665380178107492,0.044199734888893026,18,300.0,300.5,0.5909849749582637,0.0,nan,0.995963472366702,0.75,4,29.643916368484497
ugv,scheduler,5,mixed,300.0,1.0,1.0,1.0,360.0,10.0,0.02,0.0018445884928346022,2.0995710263436784,1.5361712859181569,0.03092331988616277,18,300.0,300.5,0.672787979966611,0.0,nan,0.9961995895026564,4.5,3,30.71900725364685
ugv,scheduler,6,mixed,300.0,1.0,1.0,1.0,360.0,10.0,0.02,0.0018445884928346022,0.11202578449090428,1.1731840462440832,0.012995968671985313,19,300.0,300.5,0.6844741235392321,0.0,nan,1.015371965856011,3.5,3,30.279568433761597
ugv,scheduler,7,mixed,300.0,1.0,1.0,1.0,360.0,10.0,0.02,0.0018445884928346022,3.1946892057169953,1.1725720756782674,0.01816933411720982,14,300.0,300.5,0.5258764607679466,0.0,nan,1.0010673834945423,0.5,1,30.73357915878296
ugv,oracle_12,0,mixed,300.0,1.0,1.0,1.0,360.0,10.0,0.02,0.0018445884928346022,0.07827434102734777,1.1177189294375156,0.030936999386567052,12,300.0,300.5,0.5709515859766278,0.0,nan,0.9865966907838677,1.25,4,30.361893892288208
ugv,oracle_12,1,mixed,300.0,1.0,1.0,1.0,360.0,10.0,0.02,0.0018445884928346022,1.5114584717659052,0.5099830248165885,0.02292633612721625,12,300.0,300.5,0.2387312186978297,0.0,nan,1.0000719613438274,0.0,3,31.410862922668457
ugv,oracle_12,2,mixed,300.0,1.0,1.0,1.0,360.0,10.0,0.02,0.0018445884928346022,0.5837490230333252,2.605997181965134,0.03227004456950298,12,300.0,300.5,0.6410684474123539,0.0,nan,1.0046262961413663,2.5,4,30.397159576416016
ugv,oracle_12,3,mixed,300.0,1.0,1.0,1.0,360.0,10.0,0.02,0.0018445884928346022,0.08371376425072571,2.4554876520610853,0.09519218014569913,12,300.0,300.5,0.38731218697829717,0.0,nan,1.0002077198342936,2.5,3,30.47471284866333
ugv,oracle_12,4,mixed,300.0,1.0,1.0,1.0,360.0,10.0,0.02,0.0018445884928346022,5.352756427441247,0.7598511700070276,0.045572200243317235,12,300.0,300.5,0.672787979966611,0.0,nan,0.9951343495533831,1.0,4,30.283238410949707
ugv,oracle_12,5,mixed,300.0,1.0,1.0,1.0,360.0,10.0,0.02,0.0018445884928346022,3.3298450475158767,2.2996965018766367,0.030296280181747168,12,300.0,300.5,0.667779632721202,0.0,nan,1.0018980845217584,3.0,3,31.683228492736816
ugv,oracle_12,6,mixed,300.0,1.0,1.0,1.0,360.0,10.0,0.02,0.0018445884928346022,0.18042870857342805,1.0755620093610616,0.009873730413535264,12,300.0,300.5,0.654424040066778,0.0,nan,1.0119567395902456,1.5,4,30.22572636604309
ugv,oracle_12,7,mixed,300.0,1.0,1.0,1.0,360.0,10.0,0.02,0.0018445884928346022,1.431203122355657,1.165662370935328,0.011591356123769074,12,300.0,300.5,0.5292153589315526,0.0,nan,1.0040002509414239,1.25,4,30.803059339523315
ugv,oracle_24,0,mixed,300.0,1.0,1.0,1.0,360.0,10.0,0.02,0.0018445884928346022,2.250325094919453,1.0611411592304878,0.03978939519200089,24,300.0,300.5,0.4991652754590985,0.0,nan,1.0003362559510987,0.75,4,30.32240080833435
ugv,oracle_24,1,mixed,300.0,1.0,1.0,1.0,360.0,10.0,0.02,0.0018445884928346022,0.7190576136239121,0.928249926451096,0.01261029261551205,24,300.0,300.5,0.2921535893155259,0.0,nan,0.9986396020726915,0.5,3,31.36588454246521
ugv,oracle_24,2,mixed,300.0,1.0,1.0,1.0,360.0,10.0,0.02,0.0018445884928346022,1.4117600283405554,2.9128611267924596,0.03260721730434799,24,300.0,300.5,0.5776293823038398,0.0,nan,1.0033312652797268,1.25,4,30.33718776702881
ugv,oracle_24,3,mixed,300.0,1.0,1.0,1.0,360.0,10.0,0.02,0.0018445884928346022,0.3095735555678798,2.7765226538015075,0.1051791203830115,24,300.0,300.5,0.32220367278797996,0.0,nan,1.0119622194130837,1.0,3,31.18515372276306
ugv,oracle_24,4,mixed,300.0,1.0,1.0,1.0,360.0,10.0,0.02,0.0018445884928346022,2.528961304723057,0.9449618192383584,0.04637457572836955,24,300.0,300.5,0.5342237061769616,0.0,nan,0.9968138567374132,-0.5,4,29.68889284133911
ugv,oracle_24,5,mixed,300.0,1.0,1.0,1.0,360.0,10.0,0.02,0.0018445884928346022,1.9369172216703787,2.5681705349328343,0.035405034897446515,24,300.0,300.5,0.6327212020033389,0.0,nan,0.9984720586308219,1.25,4,30.873382091522217
ugv,oracle_24,6,mixed,300.0,1.0,1.0,1.0,360.0,10.0,0.02,0.0018445884928346022,0.9642434052456075,0.24114007172484622,0.030121538740327438,24,300.0,300.5,0.6176961602671118,0.0,nan,1.0107083939119916,0.75,4,30.43853759765625
ugv,none,0,mixed,300.0,0.5,1.0,1.0,360.0,5.0,0.02,0.0018445884928346022,0.49694228363596665,0.5263299243332389,0.006310232151265487,0,300.0,300.5,0.39398998330550916,0.0,nan,1.0,3.5,3,22.73294186592102
ugv,oracle_24,7,mixed,300.0,1.0,1.0,1.0,360.0,10.0,0.02,0.0018445884928346022,1.4492404655793247,1.5823085586588101,0.006411968202380861,24,300.0,300.5,0.5425709515859767,0.0,nan,1.0043514167845904,0.5,1,30.78977608680725
ugv,none,1,mixed,300.0,0.5,1.0,1.0,360.0,5.0,0.02,0.0018445884928346022,0.9353589011988276,0.6125178855615764,0.04553377675357826,0,300.0,300.5,0.15191986644407346,0.0,nan,1.0,-14.0,3,24.078012704849243
ugv,none,2,mixed,300.0,0.5,1.0,1.0,360.0,5.0,0.02,0.0018445884928346022,0.16162565587117103,1.8709247325503733,0.020181465035462587,0,300.0,300.5,0.5058430717863105,0.0,nan,1.0,5.75,4,23.198307991027832
ugv,none,3,mixed,300.0,0.5,1.0,1.0,360.0,5.0,0.02,0.0018445884928346022,6.815751161077781,2.515431234056071,0.13889986231711182,0,300.0,300.5,0.2871452420701169,0.0,nan,1.0,2.0,1,23.387803554534912
ugv,none,4,mixed,300.0,0.5,1.0,1.0,360.0,5.0,0.02,0.0018445884928346022,3.3213646601428595,2.323897040730753,0.01357556816571045,0,300.0,300.5,0.6176961602671118,0.0,nan,1.0,3.0,3,22.767095804214478
ugv,none,6,mixed,300.0,0.5,1.0,1.0,360.0,5.0,0.02,0.0018445884928346022,4.4484771441241175,4.078507390737972,0.09245475264725202,0,300.0,300.5,0.5859766277128547,0.0,nan,1.0,2.5,3,22.97287678718567
ugv,none,5,mixed,300.0,0.5,1.0,1.0,360.0,5.0,0.02,0.0018445884928346022,3.2087686668594144,3.5006036148881594,0.07386120796244318,0,300.0,300.5,0.67779632721202,0.0,nan,1.0,3.0,3,24.054697275161743
ugv,scheduler,0,mixed,300.0,0.5,1.0,1.0,360.0,5.0,0.02,0.0018445884928346022,4.464153835330736,3.667995987418199,0.04688242946816518,16,300.0,300.5,0.4373956594323873,0.0,nan,1.0013113849054862,2.0,4,22.811238288879395
ugv,none,7,mixed,300.0,0.5,1.0,1.0,360.0,5.0,0.02,0.0018445884928346022,0.08865747979933843,3.44387836686476,0.0246530788296823,0,300.0,300.5,0.4707846410684474,0.0,nan,1.0,2.75,2,24.16918921470642
ugv,scheduler,2,mixed,300.0,0.5,1.0,1.0,360.0,5.0,0.02,0.0018445884928346022,3.5999131973655523,2.823718476780207,0.03291541155096748,18,300.0,300.5,0.4691151919866444,0.0,nan,1.003766197842594,3.5,4,23.16957139968872
ugv,scheduler,1,mixed,300.0,0.5,1.0,1.0,360.0,5.0,0.02,0.0018445884928346022,3.4476810237289985,2.7697771605722865,0.0444192799696917,8,300.0,300.5,0.17529215358931552,0.0,nan,1.0064985203504133,2.0,3,24.06382131576538
ugv,scheduler,4,mixed,300.0,0.5,1.0,1.0,360.0,5.0,0.02,0.0018445884928346022,6.5953728607600315,2.623298177098523,0.01936086473268558,17,300.0,300.5,0.4657762938230384,0.0,nan,0.9960964021115493,2.0,3,22.65896725654602
ugv,scheduler,3,mixed,300.0,0.5,1.0,1.0,360.0,5.0,0.02,0.0018445884928346022,3.5725186135590117,0.47885018265074075,0.2022303286790119,14,300.0,300.5,0.28213689482470783,0.0,nan,1.0143993522583057,2.0,3,23.104163646697998
ugv,scheduler,6,mixed,300.0,0.5,1.0,1.0,360.0,5.0,0.02,0.0018445884928346022,2.238882048395703,3.8070786561695207,0.12873609476575928,17,300.0,300.5,0.39565943238731216,0.0,nan,1.0154958679946156,2.0,3,23.118242740631104
ugv,scheduler,5,mixed,300.0,0.5,1.0,1.0,360.0,5.0,0.02,0.0018445884928346022,2.238824183593289,3.7738492776542656,0.07700161236807526,19,300.0,300.5,0.6393989983305509,0.0,nan,0.9952591932799508,3.5,3,23.666097402572632
ugv,scheduler,7,mixed,300.0,0.5,1.0,1.0,360.0,5.0,0.02,0.0018445884928346022,2.297035140991973,1.1340452816650712,0.02581086836711757,15,300.0,300.5,0.4958263772954925,0.0,nan,1.0044967403850893,3.0,3,23.412708044052124
ugv,none,0,mixed,300.0,2.0,1.0,1.0,360.0,20.0,0.02,0.0018445884928346022,0.2746606393853134,0.5625406379516511,0.0055322179335604,0,300.0,300.5,0.5275459098497496,0.0,nan,1.0,1.5,3,36.68378019332886
ugv,none,1,mixed,300.0,2.0,1.0,1.0,360.0,20.0,0.02,0.0018445884928346022,0.7062953297069451,0.08713290358483011,0.017806604717915554,0,300.0,300.5,0.22203672787979967,0.0,nan,1.0,-6.0,3,38.2531418800354
ugv,none,2,mixed,300.0,2.0,1.0,1.0,360.0,20.0,0.02,0.0018445884928346022,0.23923325517649452,0.5586910645590928,0.006713640252775569,0,300.0,300.5,0.5358931552587646,0.0,nan,1.0,2.75,4,37.74367117881775
ugv,none,3,mixed,300.0,2.0,1.0,1.0,360.0,20.0,0.02,0.0018445884928346022,7.200341291175969,0.9273231566375378,0.043863783601711254,0,300.0,300.5,0.332220367278798,0.0,nan,1.0,2.0,2,37.42784023284912
ugv,none,4,mixed,300.0,2.0,1.0,1.0,360.0,20.0,0.02,0.0018445884928346022,2.7676712920823983,0.5493662218528393,0.0032728956713408944,0,300.0,300.5,0.6143572621035058,0.0,nan,1.0,2.0,3,36.09380888938904
ugv,none,5,mixed,300.0,2.0,1.0,1.0,360.0,20.0,0.02,0.0018445884928346022,2.550755179881121,1.1344562988190778,0.015594217618350396,0,300.0,300.5,0.654424040066778,0.0,nan,1.0,-0.25,2,38.13648748397827
ugv,none,6,mixed,300.0,2.0,1.0,1.0,360.0,20.0,0.02,0.0018445884928346022,3.879539179455857,1.2980462015271095,0.029548797224353128,0,300.0,300.5,0.6310517529215359,0.0,nan,1.0,2.0,3,36.54655909538269
ugv,none,7,mixed,300.0,2.0,1.0,1.0,360.0,20.0,0.02,0.0018445884928346022,0.04675222902227035,0.9334861652807687,0.009977316409391252,0,300.0,300.5,0.49081803005008345,0.0,nan,1.0,0.5,1,37.758671283721924
ugv,scheduler,0,mixed,300.0,2.0,1.0,1.0,360.0,20.0,0.02,0.0018445884928346022,2.3836710314144467,0.16041570511057254,0.008946329304561566,17,300.0,300.5,0.44908180300500833,0.0,nan,1.0052348072237276,0.25,4,36.03789663314819
ugv,scheduler,1,mixed,300.0,2.0,1.0,1.0,360.0,20.0,0.02,0.0018445884928346022,0.6629506893908728,0.20235953208849788,0.01717608589276348,17,300.0,300.5,0.34891485809682804,0.0,nan,1.0067314484535486,8.5,4,37.93333721160889
ugv,scheduler,2,mixed,300.0,2.0,1.0,1.0,360.0,20.0,0.02,0.0018445884928346022,1.4082308741900407,0.4290360809347238,0.006682565478361916,19,300.0,300.5,0.5225375626043406,0.0,nan,1.004085130605474,2.0,4,36.87954783439636
ugv,scheduler,3,mixed,300.0,2.0,1.0,1.0,360.0,20.0,0.02,0.0018445884928346022,1.6580969867608792,0.5718390888304904,0.06083753863205707,12,300.0,300.5,0.27712854757929883,0.0,nan,1.0188340123780804,0.75,4,37.64966011047363
ugv,scheduler,4,mixed,300.0,2.0,1.0,1.0,360.0,20.0,0.02,0.0018445884928346022,1.1205560129987469,0.48964717559816084,0.03968770830304257,17,300.0,300.5,0.5208681135225376,0.0,nan,0.9988346518759856,1.5,3,35.57767462730408
ugv,scheduler,5,mixed,300.0,2.0,1.0,1.0,360.0,20.0,0.02,0.0018445884928346022,0.6588493715933086,1.3904373235276364,0.021852165266865627,17,300.0,300.5,0.6527545909849749,0.0,nan,0.9948703460307573,1.25,2,36.568936347961426
ugv,scheduler,6,mixed,300.0,2.0,1.0,1.0,360.0,20.0,0.02,0.0018445884928346022,0.990845182467011,0.8654621496568236,0.004736062627445474,19,300.0,300.5,0.5792988313856428,0.0,nan,1.009575813369022,1.5,4,36.09218621253967
ugv,none,0,mixed,300.0,1.0,0.5,1.0,360.0,10.0,0.01,0.0018445884928346022,0.29750207720123373,0.8487818630589554,0.007988199958291241,0,300.0,300.5,0.5325542570951586,0.0,nan,1.0,2.5,3,30.355205059051514
ugv,scheduler,7,mixed,300.0,2.0,1.0,1.0,360.0,20.0,0.02,0.0018445884928346022,2.6929165463044242,0.7070130699080103,0.009133888448469234,15,300.0,300.5,0.5058430717863105,0.0,nan,1.004224845833575,0.5,3,36.63649392127991
ugv,none,1,mixed,300.0,1.0,0.5,1.0,360.0,10.0,0.01,0.0018445884928346022,0.6227953576658327,0.7278529919657639,0.021636467681921664,0,300.0,300.5,0.20701168614357263,0.0,nan,1.0,0.75,4,31.132500171661377
ugv,none,2,mixed,300.0,1.0,0.5,1.0,360.0,10.0,0.01,0.0018445884928346022,0.5128884736163772,2.0275001330696005,0.011048746702063314,0,300.0,300.5,0.664440734557596,0.0,nan,1.0,3.0,4,30.13511300086975
ugv,none,4,mixed,300.0,1.0,0.5,1.0,360.0,10.0,0.01,0.0018445884928346022,1.8644113655970176,1.9451216997710814,0.012195138339234296,0,300.0,300.5,0.6444073455759599,0.0,nan,1.0,1.0,3,29.89457869529724
ugv,none,3,mixed,300.0,1.0,0.5,1.0,360.0,10.0,0.01,0.0018445884928346022,1.9502113023717718,2.5414676447329576,0.055180508125501675,0,300.0,300.5,0.32220367278797996,0.0,nan,1.0,0.0,1,30.78355073928833
ugv,none,6,mixed,300.0,1.0,0.5,1.0,360.0,10.0,0.01,0.0018445884928346022,1.4919439704615598,0.5990749406500624,0.037137139602403724,0,300.0,300.5,0.672787979966611,0.0,nan,1.0,2.5,3,30.142611026763916
ugv,none,5,mixed,300.0,1.0,0.5,1.0,360.0,10.0,0.01,0.0018445884928346022,1.8253183112092044,2.0073590870340063,0.0246350293241386,0,300.0,300.5,0.664440734557596,0.0,nan,1.0,0.75,2,31.19865608215332
ugv,scheduler,0,mixed,300.0,1.0,0.5,1.0,360.0,10.0,0.01,0.0018445884928346022,1.563007101896466,1.378884418321581,0.05437695030353515,17,300.0,300.5,0.5242070116861436,0.0,nan,1.0002798493765408,0.5,4,30.571672677993774
ugv,none,7,mixed,300.0,1.0,0.5,1.0,360.0,10.0,0.01,0.0018445884928346022,1.3852897856274216,1.2886370267260567,0.014903240884207474,0,300.0,300.5,0.5058430717863105,0.0,nan,1.0,4.75,2,31.413397073745728
ugv,scheduler,2,mixed,300.0,1.0,0.5,1.0,360.0,10.0,0.01,0.0018445884928346022,1.0104221967536255,2.873659395869151,0.034178837698145295,18,300.0,300.5,0.6343906510851419,0.0,nan,1.0061276024033352,1.75,4,30.589763879776
ugv,scheduler,1,mixed,300.0,1.0,0.5,1.0,360.0,10.0,0.01,0.0018445884928346022,1.4132826929679116,0.973932319746501,0.02091799638453845,15,300.0,300.5,0.2871452420701169,0.0,nan,0.9989116465420053,2.75,4,31.349547386169434
ugv,scheduler,3,mixed,300.0,1.0,0.5,1.0,360.0,10.0,0.01,0.0018445884928346022,1.5333404856116044,1.8294376507803713,0.07507155234349643,13,300.0,300.5,0.2871452420701169,0.0,nan,0.9969107275438281,-0.25,4,30.413636684417725
ugv,scheduler,4,mixed,300.0,1.0,0.5,1.0,360.0,10.0,0.01,0.0018445884928346022,2.1330136963823216,1.3053872854293858,0.04553647351778752,18,300.0,300.5,0.6110183639398998,0.0,nan,0.9964466464283489,0.0,4,29.791786670684814
ugv,scheduler,6,mixed,300.0,1.0,0.5,1.0,360.0,10.0,0.01,0.0018445884928346022,0.27824052895553303,1.5658618904737163,0.019186355888018283,19,300.0,300.5,0.6377295492487479,0.0,nan,1.0086729180384397,1.5,3,30.09005379676819
ugv,scheduler,5,mixed,300.0,1.0,0.5,1.0,360.0,10.0,0.01,0.0018445884928346022,1.6565745659890636,2.46457390831786,0.031558761894272355,17,300.0,300.5,0.659432387312187,0.0,nan,0.9975833000561637,0.5,3,30.92268681526184
ugv,scheduler,7,mixed,300.0,1.0,0.5,1.0,360.0,10.0,0.01,0.0018445884928346022,3.1843764630864553,1.1158138792038739,0.004117730905271404,14,300.0,300.5,0.5008347245409015,0.0,nan,1.0033719493558333,11.75,2,30.951205492019653
ugv,none,0,mixed,300.0,1.0,2.0,1.0,360.0,10.0,0.04,0.0018445884928346022,0.3204665582821304,0.55548776052385,0.007782472423622064,0,300.0,300.5,0.5375626043405676,0.0,nan,1.0,4.0,3,30.377498388290405
ugv,none,2,mixed,300.0,1.0,2.0,1.0,360.0,10.0,0.04,0.0018445884928346022,1.0171249908927966,2.0717457364989897,0.012761442274804885,0,300.0,300.5,0.656093489148581,0.0,nan,1.0,3.75,4,30.065420389175415
ugv,none,1,mixed,300.0,1.0,2.0,1.0,360.0,10.0,0.04,0.0018445884928346022,1.5874629904552713,0.9720853842265733,0.020205278699465975,0,300.0,300.5,0.22203672787979967,0.0,nan,1.0,1.0,3,31.414034366607666
ugv,none,3,mixed,300.0,1.0,2.0,1.0,360.0,10.0,0.04,0.0018445884928346022,12.667308234045649,2.2860636432624584,0.059729496903986996,0,300.0,300.5,0.335559265442404,0.0,nan,1.0,0.0,3,30.571139335632324
ugv,none,4,mixed,300.0,1.0,2.0,1.0,360.0,10.0,0.04,0.0018445884928346022,6.979898330778193,1.9982526138226488,0.010309971842940576,0,300.0,300.5,0.6510851419031719,0.0,nan,1.0,1.0,3,29.99937605857849
ugv,none,6,mixed,300.0,1.0,2.0,1.0,360.0,10.0,0.04,0.0018445884928346022,8.10496757376407,2.3845871218995387,0.037100514767060236,0,300.0,300.5,0.7178631051752922,0.0,nan,1.0,2.0,3,30.38831663131714
ugv,none,5,mixed,300.0,1.0,2.0,1.0,360.0,10.0,0.04,0.0018445884928346022,7.078968693496497,2.030425189401074,0.023119713323057352,0,300.0,300.5,0.654424040066778,0.0,nan,1.0,1.25,4,31.544025897979736
ugv,scheduler,0,mixed,300.0,1.0,2.0,1.0,360.0,10.0,0.04,0.0018445884928346022,0.25187195909668475,1.4429605163782586,0.05139321335108541,19,300.0,300.5,0.5609348914858097,0.0,nan,0.996962835637119,2.75,4,30.383899450302124
ugv,none,7,mixed,300.0,1.0,2.0,1.0,360.0,10.0,0.04,0.0018445884928346022,1.12813173522317,1.1345101477080286,0.015478610335180243,0,300.0,300.5,0.5158597662771286,0.0,nan,1.0,6.5,2,31.26952028274536
ugv,scheduler,2,mixed,300.0,1.0,2.0,1.0,360.0,10.0,0.04,0.0018445884928346022,0.23415838872712227,2.8197797901080333,0.032406665157265965,18,300.0,300.5,0.6026711185308848,0.0,nan,1.0056049248423906,2.5,4,30.565980911254883
ugv,scheduler,1,mixed,300.0,1.0,2.0,1.0,360.0,10.0,0.04,0.0018445884928346022,1.3787042045800704,1.473656992330458,0.012069797401670655,14,300.0,300.5,0.32387312186978295,0.0,nan,1.006024288657892,1.5,3,31.51812481880188
ugv,scheduler,4,mixed,300.0,1.0,2.0,1.0,360.0,10.0,0.04,0.0018445884928346022,3.1834382704228683,1.5316049773378406,0.03880970509679533,18,300.0,300.5,0.6243739565943238,0.0,nan,0.987545290275212,1.25,4,30.333913803100586
ugv,scheduler,3,mixed,300.0,1.0,2.0,1.0,360.0,10.0,0.04,0.0018445884928346022,1.2696753979482536,2.456394521215664,0.09367847902696136,12,300.0,300.5,0.2888146911519199,0.0,nan,1.021378833753403,-6.0,2,31.365217208862305
ugv,scheduler,5,mixed,300.0,1.0,2.0,1.0,360.0,10.0,0.04,0.0018445884928346022,2.100206080044978,1.9149317990430945,0.03376934335447558,18,300.0,300.5,0.6327212020033389,0.0,nan,0.9824678528549372,2.75,2,30.85734224319458
ugv,scheduler,6,mixed,300.0,1.0,2.0,1.0,360.0,10.0,0.04,0.0018445884928346022,1.3679387292809526,1.9117846872885944,0.017455136668700653,19,300.0,300.5,0.6878130217028381,0.0,nan,1.0197460803304204,2.0,3,30.66382622718811
ugv,none,0,mixed,300.0,1.0,1.0,0.5,360.0,10.0,0.02,0.0018445884928346022,0.34976886325180634,0.9631685126502418,0.00940948888134602,0,300.0,300.5,0.5308848080133556,0.0,nan,1.0,1.5,4,30.825108766555786
ugv,scheduler,7,mixed,300.0,1.0,2.0,1.0,360.0,10.0,0.04,0.0018445884928346022,0.6679460398199946,1.2652697824902688,0.009755954506614215,16,300.0,300.5,0.5308848080133556,0.0,nan,0.9981199318636951,3.5,3,31.0772864818573
ugv,none,2,mixed,300.0,1.0,1.0,0.5,360.0,10.0,0.02,0.0018445884928346022,0.34489405067030193,2.4507516697036613,0.011432359718598337,0,300.0,300.5,0.666110183639399,0.0,nan,1.0,1.25,4,30.2282555103302
ugv,none,1,mixed,300.0,1.0,1.0,0.5,360.0,10.0,0.02,0.0018445884928346022,0.039435246643132,0.8946214973045367,0.01954984578671339,0,300.0,300.5,0.22537562604340566,0.0,nan,1.0,3.0,3,31.679394721984863
ugv,none,3,mixed,300.0,1.0,1.0,0.5,360.0,10.0,0.02,0.0018445884928346022,4.962401399130065,2.4443678368736723,0.0577481870237118,0,300.0,300.5,0.333889816360601,0.0,nan,1.0,0.5,3,30.928468704223633
ugv,none,4,mixed,300.0,1.0,1.0,0.5,360.0,10.0,0.02,0.0018445884928346022,3.3226488659662503,1.420543233393379,0.009755007077699709,0,300.0,300.5,0.6527545909849749,0.0,nan,1.0,2.0,3,30.221115350723267
ugv,none,5,mixed,300.0,1.0,1.0,0.5,360.0,10.0,0.02,0.0018445884928346022,3.0697706356480454,1.7406409303120776,0.02501169272748873,0,300.0,300.5,0.671118530884808,0.0,nan,1.0,1.25,2,31.04097890853882
ugv,none,6,mixed,300.0,1.0,1.0,0.5,360.0,10.0,0.02,0.0018445884928346022,3.5331989004651096,1.3210230186254615,0.03636121146511443,0,300.0,300.5,0.66110183639399,0.0,nan,1.0,1.5,3,30.301586866378784
ugv,scheduler,0,mixed,300.0,1.0,1.0,0.5,360.0,10.0,0.02,0.0018445884928346022,0.7917354008457395,1.1283962642991554,0.030372779959441105,17,300.0,300.5,0.5325542570951586,0.0,nan,1.0021827568512742,1.25,4,30.509376764297485
ugv,none,7,mixed,300.0,1.0,1.0,0.5,360.0,10.0,0.02,0.0018445884928346022,0.4785831772946555,1.4819620031202734,0.019000665403487077,0,300.0,300.5,0.5325542570951586,0.0,nan,1.0,0.5,1,30.86040496826172
ugv,scheduler,2,mixed,300.0,1.0,1.0,0.5,360.0,10.0,0.02,0.0018445884928346022,0.5521463781117183,1.72608536259529,0.018982564581679216,19,300.0,300.5,0.6494156928213689,0.0,nan,1.001856727035497,2.5,4,29.950692653656006
ugv,scheduler,1,mixed,300.0,1.0,1.0,0.5,360.0,10.0,0.02,0.0018445884928346022,1.928671570973288,0.653051931273536,0.024922766708967977,11,300.0,300.5,0.21869782971619364,0.0,nan,1.0035214201663651,0.0,3,31.371378898620605
ugv,scheduler,3,mixed,300.0,1.0,1.0,0.5,360.0,10.0,0.02,0.0018445884928346022,2.2066839101744975,2.2760237086152553,0.0721576140074794,12,300.0,300.5,0.337228714524207,0.0,nan,1.0216523941097722,0.5,3,30.63636541366577
ugv,scheduler,4,mixed,300.0,1.0,1.0,0.5,360.0,10.0,0.02,0.0018445884928346022,3.1387031467757818,1.4874207894718199,0.015972564293969593,18,300.0,300.5,0.6494156928213689,0.0,nan,0.9953669480388476,0.75,4,29.88364028930664
ugv,scheduler,5,mixed,300.0,1.0,1.0,0.5,360.0,10.0,0.02,0.0018445884928346022,1.5597112768446824,1.7662539123081553,0.027920262293474593,17,300.0,300.5,0.657762938230384,0.0,nan,0.9936336553585611,1.75,2,30.928036212921143
ugv,scheduler,6,mixed,300.0,1.0,1.0,0.5,360.0,10.0,0.02,0.0018445884928346022,0.14117667019940955,1.356056801604927,0.012041577475662382,19,300.0,300.5,0.671118530884808,0.0,nan,1.014143006319428,2.0,3,30.72096824645996
ugv,none,0,mixed,300.0,1.0,1.0,1.5,360.0,10.0,0.02,0.0018445884928346022,0.34976886325180634,0.9631685126502418,0.00940948888134602,0,300.0,300.5,0.5308848080133556,0.0,nan,1.0,1.5,4,30.63562273979187
ugv,scheduler,7,mixed,300.0,1.0,1.0,0.5,360.0,10.0,0.02,0.0018445884928346022,0.5616534046331565,1.3981660116839392,0.009228308868264666,16,300.0,300.5,0.5191986644407346,0.0,nan,0.9919097543243556,0.0,2,31.25574564933777
ugv,none,2,mixed,300.0,1.0,1.0,1.5,360.0,10.0,0.02,0.0018445884928346022,0.34489405067030193,2.4507516697036613,0.011432359718598337,0,300.0,300.5,0.666110183639399,0.0,nan,1.0,1.25,4,30.057454109191895
ugv,none,1,mixed,300.0,1.0,1.0,1.5,360.0,10.0,0.02,0.0018445884928346022,0.039435246643132,0.8946214973045367,0.01954984578671339,0,300.0,300.5,0.22537562604340566,0.0,nan,1.0,3.0,3,31.881186962127686
ugv,none,3,mixed,300.0,1.0,1.0,1.5,360.0,10.0,0.02,0.0018445884928346022,4.962401399130065,2.4443678368736723,0.0577481870237118,0,300.0,300.5,0.333889816360601,0.0,nan,1.0,0.5,3,30.866899728775024
ugv,none,4,mixed,300.0,1.0,1.0,1.5,360.0,10.0,0.02,0.0018445884928346022,3.3226488659662503,1.420543233393379,0.009755007077699709,0,300.0,300.5,0.6527545909849749,0.0,nan,1.0,2.0,3,29.839315176010132
ugv,none,6,mixed,300.0,1.0,1.0,1.5,360.0,10.0,0.02,0.0018445884928346022,3.5331989004651096,1.3210230186254615,0.03636121146511443,0,300.0,300.5,0.66110183639399,0.0,nan,1.0,1.5,3,30.40372323989868
ugv,none,5,mixed,300.0,1.0,1.0,1.5,360.0,10.0,0.02,0.0018445884928346022,3.0697706356480454,1.7406409303120776,0.02501169272748873,0,300.0,300.5,0.671118530884808,0.0,nan,1.0,1.25,2,31.439273357391357
ugv,scheduler,0,mixed,300.0,1.0,1.0,1.5,360.0,10.0,0.02,0.0018445884928346022,0.9929478195304527,1.5423799170805281,0.059830050317383726,18,300.0,300.5,0.5292153589315526,0.0,nan,1.0025220928150387,2.5,4,30.52747130393982
ugv,none,7,mixed,300.0,1.0,1.0,1.5,360.0,10.0,0.02,0.0018445884928346022,0.4785831772946555,1.4819620031202734,0.019000665403487077,0,300.0,300.5,0.5325542570951586,0.0,nan,1.0,0.5,1,31.352617502212524
ugv,scheduler,2,mixed,300.0,1.0,1.0,1.5,360.0,10.0,0.02,0.0018445884928346022,1.512159610706718,3.3673614871452537,0.05286058577555778,18,300.0,300.5,0.5826377295492488,0.0,nan,1.003054307396362,1.5,4,31.146739959716797
ugv,scheduler,1,mixed,300.0,1.0,1.0,1.5,360.0,10.0,0.02,0.0018445884928346022,2.173850852217551,0.5700793913970342,0.020640485626529266,16,300.0,300.5,0.2938230383973289,0.0,nan,0.9967973206968107,2.25,4,31.471033811569214
ugv,scheduler,4,mixed,300.0,1.0,1.0,1.5,360.0,10.0,0.02,0.0018445884928346022,2.2099657054928663,1.1161094305928814,0.04332521983632724,18,300.0,300.5,0.5475792988313857,0.0,nan,0.9985359038494925,3.25,4,30.226049423217773
ugv,scheduler,3,mixed,300.0,1.0,1.0,1.5,360.0,10.0,0.02,0.0018445884928346022,1.1250837030956604,2.8377569262274034,0.090244830072342,15,300.0,300.5,0.2704507512520868,0.0,nan,1.0124272505449512,0.5,3,30.941542625427246
ugv,scheduler,5,mixed,300.0,1.0,1.0,1.5,360.0,10.0,0.02,0.0018445884928346022,1.8903317732183216,2.1355184689588427,0.031928416545561694,17,300.0,300.5,0.6343906510851419,0.0,nan,0.9925449921821919,0.5,3,31.101388931274414
ugv,scheduler,6,mixed,300.0,1.0,1.0,1.5,360.0,10.0,0.02,0.0018445884928346022,0.7016623115073434,1.399160882042466,0.016038523082249467,18,300.0,300.5,0.6494156928213689,0.0,nan,1.0145338638252952,2.75,4,30.800243854522705
ugv,scheduler,7,mixed,300.0,1.0,1.0,1.5,360.0,10.0,0.02,0.0018445884928346022,0.8641131533728535,1.6474392275423524,0.007655346184815691,16,300.0,300.5,0.5225375626043406,0.0,nan,0.996328263875231,0.5,3,31.277848720550537
